myareference,myaemail,myapostcode
A97r7Vq4Kr,SSCS_MYA_PT_7AkpBn@mailinator.com,TS1 1ST
Fu3ZdaeSxc,SSCS_MYA_PT_25uWmWU@mailinator.com,TS1 1ST
wWCPhKdlY2,SSCS_MYA_PT_5nBUcD@mailinator.com,TS1 1ST
Baz7XiwjKQ,SSCS_MYA_PT_10HBADK@mailinator.com,TS1 1ST
mj6mrHSsQV,SSCS_MYA_PT_2uNdaG@mailinator.com,TS1 1ST
bEcQZFzG0f,SSCS_MYA_PT_9TMCGv@mailinator.com,TS1 1ST
yyjDx0cKDA,SSCS_MYA_PT_1wIOwi@mailinator.com,TS1 1ST
P3iIIfVN2E,SSCS_MYA_PT_1lvBhu@mailinator.com,TS1 1ST
kFGNnWuvbD,SSCS_MYA_PT_13mBqFW@mailinator.com,TS1 1ST
zcmhrH4tdI,SSCS_MYA_PT_15jYMjl@mailinator.com,TS1 1ST
RDXL096GxI,SSCS_MYA_PT_6iHlek@mailinator.com,TS1 1ST
ygeCXvKQVf,SSCS_MYA_PT_6Hmdcb@mailinator.com,TS1 1ST
HCtvmyoHkr,SSCS_MYA_PT_4qUNZQ@mailinator.com,TS1 1ST
M9OqrMsqST,SSCS_MYA_PT_19IDLZN@mailinator.com,TS1 1ST
nICYLqSXaP,SSCS_MYA_PT_17ReWQq@mailinator.com,TS1 1ST
DgPPm0yEJv,SSCS_MYA_PT_5XHrgl@mailinator.com,TS1 1ST
GGcDseKb1P,SSCS_MYA_PT_25ZlRGq@mailinator.com,TS1 1ST
UWy0LMVwgO,SSCS_MYA_PT_27NBByP@mailinator.com,TS1 1ST
VPXRUf8bc9,SSCS_MYA_PT_14DMmDV@mailinator.com,TS1 1ST
CH9xQ5L2Iz,SSCS_MYA_PT_21WcAAP@mailinator.com,TS1 1ST
eizudO7o8P,SSCS_MYA_PT_4IIIyw@mailinator.com,TS1 1ST
1EJBqQ4hlP,SSCS_MYA_PT_13NrqSo@mailinator.com,TS1 1ST
eE8aPOixfo,SSCS_MYA_PT_21jeUJo@mailinator.com,TS1 1ST
fexXFt7prT,SSCS_MYA_PT_11yyBfE@mailinator.com,TS1 1ST
s0HEkbJXim,SSCS_MYA_PT_8TQhqy@mailinator.com,TS1 1ST
MgfF6G6KfT,SSCS_MYA_PT_14ytGQl@mailinator.com,TS1 1ST
jIgPfXLPhm,SSCS_MYA_PT_6kvrvw@mailinator.com,TS1 1ST
7EtJugJ9Zr,SSCS_MYA_PT_26SpIoH@mailinator.com,TS1 1ST
gUROkt7xlw,SSCS_MYA_PT_23qmXYO@mailinator.com,TS1 1ST
FjPf1UhTgy,SSCS_MYA_PT_2HjSsZ@mailinator.com,TS1 1ST
4E8J0BD265,SSCS_MYA_PT_18bpqlj@mailinator.com,TS1 1ST
NKxwDM823o,SSCS_MYA_PT_5hiDeb@mailinator.com,TS1 1ST
j24RH9H4Vs,SSCS_MYA_PT_5SXknz@mailinator.com,TS1 1ST
pAkQTMRnVH,SSCS_MYA_PT_15SzZVt@mailinator.com,TS1 1ST
TUmohQDIZZ,SSCS_MYA_PT_12EBdNi@mailinator.com,TS1 1ST
ll9269vKhS,SSCS_MYA_PT_6FEMUE@mailinator.com,TS1 1ST
Y4XqI9JB2s,SSCS_MYA_PT_24xqcGU@mailinator.com,TS1 1ST
0wxDWjYVyT,SSCS_MYA_PT_17VHqLr@mailinator.com,TS1 1ST
LlEjzfWbiu,SSCS_MYA_PT_7bdReO@mailinator.com,TS1 1ST
6kmSQygIey,SSCS_MYA_PT_22DuVDY@mailinator.com,TS1 1ST
oKvXq0zt7h,SSCS_MYA_PT_19swqxd@mailinator.com,TS1 1ST
SEWugolhwj,SSCS_MYA_PT_7EQwPk@mailinator.com,TS1 1ST
GLaNjTgl6q,SSCS_MYA_PT_1wpgOk@mailinator.com,TS1 1ST
IJYKVqR7vO,SSCS_MYA_PT_7BlQXY@mailinator.com,TS1 1ST
syvWlFJIGs,SSCS_MYA_PT_2nlkRM@mailinator.com,TS1 1ST
oNxWXqJQZ3,SSCS_MYA_PT_8ZEvfY@mailinator.com,TS1 1ST
rArUy6fW80,SSCS_MYA_PT_26gGwFT@mailinator.com,TS1 1ST
QNLlHik3bD,SSCS_MYA_PT_24ZGaRv@mailinator.com,TS1 1ST
AfyqX434Et,SSCS_MYA_PT_26ppENY@mailinator.com,TS1 1ST
y7ArAEPXtv,SSCS_MYA_PT_20hgWon@mailinator.com,TS1 1ST
rTx7XMUEyf,SSCS_MYA_PT_8SvpQH@mailinator.com,TS1 1ST
o4SWbt0Q83,SSCS_MYA_PT_22gDqHL@mailinator.com,TS1 1ST
vhPTya2dhg,SSCS_MYA_PT_22DonYD@mailinator.com,TS1 1ST
vEvwNwRtRt,SSCS_MYA_PT_11mPuWQ@mailinator.com,TS1 1ST
sacly9pFXJ,SSCS_MYA_PT_13iXQil@mailinator.com,TS1 1ST
k8fXJ3t9Mo,SSCS_MYA_PT_24umJQl@mailinator.com,TS1 1ST
WhgWpzF0t3,SSCS_MYA_PT_25HHvWd@mailinator.com,TS1 1ST
sTzI7TOk7I,SSCS_MYA_PT_22pWoUw@mailinator.com,TS1 1ST
BWsaZaFv6w,SSCS_MYA_PT_16iHBjK@mailinator.com,TS1 1ST
B3UUOSm8u9,SSCS_MYA_PT_27WRucL@mailinator.com,TS1 1ST
YPVTaFilcv,SSCS_MYA_PT_7gthpb@mailinator.com,TS1 1ST
DLuBn0s1HL,SSCS_MYA_PT_17kceCr@mailinator.com,TS1 1ST
Ungned7rbX,SSCS_MYA_PT_1BakPj@mailinator.com,TS1 1ST
RrLGlYdXvP,SSCS_MYA_PT_25lrqxq@mailinator.com,TS1 1ST
6RuZaRnK0G,SSCS_MYA_PT_13ReiHW@mailinator.com,TS1 1ST
J4nYUZH1VK,SSCS_MYA_PT_23ALpaW@mailinator.com,TS1 1ST
VqmcYvS04C,SSCS_MYA_PT_17XoDcM@mailinator.com,TS1 1ST
lQcDE3kalX,SSCS_MYA_PT_15GsFhp@mailinator.com,TS1 1ST
oAReswDlRX,SSCS_MYA_PT_2kVYEv@mailinator.com,TS1 1ST
QUCHUgXhjo,SSCS_MYA_PT_11whkGS@mailinator.com,TS1 1ST
OqEhBYekMr,SSCS_MYA_PT_23lQNPi@mailinator.com,TS1 1ST
47eK63FlmF,SSCS_MYA_PT_2JnVDZ@mailinator.com,TS1 1ST
l5QqlKQyD6,SSCS_MYA_PT_9GSgyy@mailinator.com,TS1 1ST
mzBWd8DKgE,SSCS_MYA_PT_21NrCMt@mailinator.com,TS1 1ST
coZWMxkecO,SSCS_MYA_PT_9NPZQn@mailinator.com,TS1 1ST
DgK9VEyEI2,SSCS_MYA_PT_5xxaMQ@mailinator.com,TS1 1ST
afsqwgpaoo,SSCS_MYA_PT_21sbHPz@mailinator.com,TS1 1ST
6izvrrc5oj,SSCS_MYA_PT_24FOEeF@mailinator.com,TS1 1ST
HEuJFoRY7T,SSCS_MYA_PT_4ZtDSS@mailinator.com,TS1 1ST
34xmLpA97e,SSCS_MYA_PT_27iabJP@mailinator.com,TS1 1ST
g9GirZAZYq,SSCS_MYA_PT_1xvbKg@mailinator.com,TS1 1ST
zanp00fm8k,SSCS_MYA_PT_9WBKIP@mailinator.com,TS1 1ST
eRXUcZ9ULe,SSCS_MYA_PT_10hiHHx@mailinator.com,TS1 1ST
jHletNtl6t,SSCS_MYA_PT_12HXaAW@mailinator.com,TS1 1ST
mLooAyshPt,SSCS_MYA_PT_3cgDkn@mailinator.com,TS1 1ST
NVXIdcXvaM,SSCS_MYA_PT_25VKFBK@mailinator.com,TS1 1ST
DizhmDVyXP,SSCS_MYA_PT_14LOcAc@mailinator.com,TS1 1ST
cOjQlTd1gw,SSCS_MYA_PT_11XYqtN@mailinator.com,TS1 1ST
OPAA0DQv4K,SSCS_MYA_PT_9vecWn@mailinator.com,TS1 1ST
CrJIRZWcmCperfsscs01@mailinator.com,TS1 1ST
bD7jpOc5w5,SSCS_MYA_PT_9vecWn@mailinator.com,TS1 1ST
oUGX22LJiO,SSCS_MYA_PT_12MclgC@mailinator.com,TS1 1ST
2GnSgIJQJq,SSCS_MYA_PT_16nASqd@mailinator.com,TS1 1ST
4EwU5qNUHW,SSCS_MYA_PT_21GEYSg@mailinator.com,TS1 1ST
fx8DQTUtmt,SSCS_MYA_PT_14aDiJr@mailinator.com,TS1 1ST
D83o1zPmsY,SSCS_MYA_PT_7AkpBn@mailinator.com,TS1 1ST
ChQbPUfI9E,SSCS_MYA_PT_5nBUcD@mailinator.com,TS1 1ST
PNmH8ZCDhz,SSCS_MYA_PT_25uWmWU@mailinator.com,TS1 1ST
t50R2TZCAM,SSCS_MYA_PT_1lvBhu@mailinator.com,TS1 1ST
XJkU3t4J08,SSCS_MYA_PT_2uNdaG@mailinator.com,TS1 1ST
cr8NuKn19R,SSCS_MYA_PT_10HBADK@mailinator.com,TS1 1ST
oYv1ODtohZ,SSCS_MYA_PT_9TMCGv@mailinator.com,TS1 1ST
v6AbLSkPAG,SSCS_MYA_PT_1wIOwi@mailinator.com,TS1 1ST
6ZkN68OshY,SSCS_MYA_PT_6iHlek@mailinator.com,TS1 1ST
UVqebhJDvh,SSCS_MYA_PT_13mBqFW@mailinator.com,TS1 1ST
Jbb2vhYS9y,SSCS_MYA_PT_4qUNZQ@mailinator.com,TS1 1ST
awnJSThVhr,SSCS_MYA_PT_6Hmdcb@mailinator.com,TS1 1ST
oR1avxWYnN,SSCS_MYA_PT_5XHrgl@mailinator.com,TS1 1ST
FfsdWvhynG,SSCS_MYA_PT_15jYMjl@mailinator.com,TS1 1ST
233UZhiqC7,SSCS_MYA_PT_19IDLZN@mailinator.com,TS1 1ST
aqwoRuj2IL,SSCS_MYA_PT_17ReWQq@mailinator.com,TS1 1ST
CILLU5jKxh,SSCS_MYA_PT_25ZlRGq@mailinator.com,TS1 1ST
IeJtdooODs,SSCS_MYA_PT_14DMmDV@mailinator.com,TS1 1ST
g8zTR51JPO,SSCS_MYA_PT_21WcAAP@mailinator.com,TS1 1ST
6yAIQzxBfF,SSCS_MYA_PT_27NBByP@mailinator.com,TS1 1ST
f7vHPogXgi,SSCS_MYA_PT_13NrqSo@mailinator.com,TS1 1ST
sH8bD3uj6U,SSCS_MYA_PT_4IIIyw@mailinator.com,TS1 1ST
TFdPTxE9ID,SSCS_MYA_PT_21jeUJo@mailinator.com,TS1 1ST
2QDfHf0nWB,SSCS_MYA_PT_6kvrvw@mailinator.com,TS1 1ST
DGdcQgtcgM,SSCS_MYA_PT_14ytGQl@mailinator.com,TS1 1ST
kHzjyaUxNc,SSCS_MYA_PT_11yyBfE@mailinator.com,TS1 1ST
YeR3cd7ixx,SSCS_MYA_PT_23qmXYO@mailinator.com,TS1 1ST
heDb3kTyqB,SSCS_MYA_PT_8TQhqy@mailinator.com,TS1 1ST
uQfg3eAfM5,SSCS_MYA_PT_2HjSsZ@mailinator.com,TS1 1ST
42Wp8twYg2,SSCS_MYA_PT_26SpIoH@mailinator.com,TS1 1ST
zkEMoHcpCG,SSCS_MYA_PT_18bpqlj@mailinator.com,TS1 1ST
eJ7xMztF2H,SSCS_MYA_PT_5hiDeb@mailinator.com,TS1 1ST
rFqiB77qUJ,SSCS_MYA_PT_15SzZVt@mailinator.com,TS1 1ST
NwijChwrB3,SSCS_MYA_PT_12EBdNi@mailinator.com,TS1 1ST
DhD09axlDZ,SSCS_MYA_PT_10YsJrg@mailinator.com,TS1 1ST
D4DDgZpmDW,SSCS_MYA_PT_5SXknz@mailinator.com,TS1 1ST
4hRBUjljXA,SSCS_MYA_PT_24xqcGU@mailinator.com,TS1 1ST
4ns4anspit,SSCS_MYA_PT_6FEMUE@mailinator.com,TS1 1ST
r8CKrMhsCa,SSCS_MYA_PT_19swqxd@mailinator.com,TS1 1ST
AD1gR7gK9y,SSCS_MYA_PT_17VHqLr@mailinator.com,TS1 1ST
HGAd291PGj,SSCS_MYA_PT_7bdReO@mailinator.com,TS1 1ST
0D0WYAHTYi,SSCS_MYA_PT_1wpgOk@mailinator.com,TS1 1ST
j99qHEmQYI,SSCS_MYA_PT_22DuVDY@mailinator.com,TS1 1ST
jCXfNlBpej,SSCS_MYA_PT_7EQwPk@mailinator.com,TS1 1ST
smSzwZhOd0,SSCS_MYA_PT_2nlkRM@mailinator.com,TS1 1ST
kT89x9y3Qe,SSCS_MYA_PT_7BlQXY@mailinator.com,TS1 1ST
5U4W7v5pQi,SSCS_MYA_PT_8ZEvfY@mailinator.com,TS1 1ST
WPqEqoVCWs,SSCS_MYA_PT_26ppENY@mailinator.com,TS1 1ST
oAa5Blc5EA,SSCS_MYA_PT_24ZGaRv@mailinator.com,TS1 1ST
JhUvI8d8TK,SSCS_MYA_PT_26gGwFT@mailinator.com,TS1 1ST
90HhoXnshc,SSCS_MYA_PT_20hgWon@mailinator.com,TS1 1ST
O1Eq2kDXuX,SSCS_MYA_PT_22gDqHL@mailinator.com,TS1 1ST
dejwOAo6Md,SSCS_MYA_PT_8SvpQH@mailinator.com,TS1 1ST
gVdd0rGQVy,SSCS_MYA_PT_22DonYD@mailinator.com,TS1 1ST
QMd00CSgVH,SSCS_MYA_PT_11mPuWQ@mailinator.com,TS1 1ST
BkBaPgSqkc,SSCS_MYA_PT_13iXQil@mailinator.com,TS1 1ST
F3wuPbAPat,SSCS_MYA_PT_22pWoUw@mailinator.com,TS1 1ST
iq4Ze15x61,SSCS_MYA_PT_27WRucL@mailinator.com,TS1 1ST
RiWEc2h5ha,SSCS_MYA_PT_16iHBjK@mailinator.com,TS1 1ST
8n5UVwDNHm,SSCS_MYA_PT_25HHvWd@mailinator.com,TS1 1ST
i8tMygDDn6,SSCS_MYA_PT_7gthpb@mailinator.com,TS1 1ST
tSbUXfxgiN,SSCS_MYA_PT_17kceCr@mailinator.com,TS1 1ST
hGPMGP2djC,SSCS_MYA_PT_13ReiHW@mailinator.com,TS1 1ST
ra56QfA1Bv,SSCS_MYA_PT_15GsFhp@mailinator.com,TS1 1ST
F7HTr1fuTe,SSCS_MYA_PT_1BakPj@mailinator.com,TS1 1ST
VYAxeMwaqY,SSCS_MYA_PT_17XoDcM@mailinator.com,TS1 1ST
f884tjdFEO,SSCS_MYA_PT_23ALpaW@mailinator.com,TS1 1ST
YhCD00C2zb,SSCS_MYA_PT_24xqcGU@mailinator.com,TS1 1ST
bZOUW6Dbg5,SSCS_MYA_PT_5SXknz@mailinator.com,TS1 1ST
VS1XHdXDlh,SSCS_MYA_PT_19swqxd@mailinator.com,TS1 1ST
zu8MdMjPev,SSCS_MYA_PT_6FEMUE@mailinator.com,TS1 1ST
HFnvIpLFNy,SSCS_MYA_PT_17VHqLr@mailinator.com,TS1 1ST
Z7RRutTjUy,SSCS_MYA_PT_7bdReO@mailinator.com,TS1 1ST
3P7jssTYSa,SSCS_MYA_PT_1wpgOk@mailinator.com,TS1 1ST
F2lWkyemF6,SSCS_MYA_PT_22DuVDY@mailinator.com,TS1 1ST
eQtfSsmDRt,SSCS_MYA_PT_7EQwPk@mailinator.com,TS1 1ST
wepi8GYBnK,SSCS_MYA_PT_7BlQXY@mailinator.com,TS1 1ST
1WDAVXGRpM,SSCS_MYA_PT_2nlkRM@mailinator.com,TS1 1ST
8AwfCRkwMU,SSCS_MYA_PT_24ZGaRv@mailinator.com,TS1 1ST
Ofwdv27ka3,SSCS_MYA_PT_8ZEvfY@mailinator.com,TS1 1ST
OLrI7ePRHR,SSCS_MYA_PT_26ppENY@mailinator.com,TS1 1ST
UfxBkgjNYw,SSCS_MYA_PT_20hgWon@mailinator.com,TS1 1ST
MMwuCWIFAe,SSCS_MYA_PT_22gDqHL@mailinator.com,TS1 1ST
Nv5vHFA2XO,SSCS_MYA_PT_26gGwFT@mailinator.com,TS1 1ST
liO9JIUBkD,SSCS_MYA_PT_8SvpQH@mailinator.com,TS1 1ST
C2d69tl7bN,SSCS_MYA_PT_22DonYD@mailinator.com,TS1 1ST
mmRqjnto5P,SSCS_MYA_PT_11mPuWQ@mailinator.com,TS1 1ST
BKedtbiDKM,SSCS_MYA_PT_24umJQl@mailinator.com,TS1 1ST
ySafNUMUco,SSCS_MYA_PT_13iXQil@mailinator.com,TS1 1ST
Emlv6v5kvX,SSCS_MYA_PT_22pWoUw@mailinator.com,TS1 1ST
WeEupXmkz9,SSCS_MYA_PT_16iHBjK@mailinator.com,TS1 1ST
C9Y4Yhv6MU,SSCS_MYA_PT_25HHvWd@mailinator.com,TS1 1ST
tazi0YSGg7,SSCS_MYA_PT_27WRucL@mailinator.com,TS1 1ST
DXcFlSeym1,SSCS_MYA_PT_17kceCr@mailinator.com,TS1 1ST
VNgyfp8SC0,SSCS_MYA_PT_1BakPj@mailinator.com,TS1 1ST
K8ArnfXZOU,SSCS_MYA_PT_7gthpb@mailinator.com,TS1 1ST
LpD9qlkT7g,SSCS_MYA_PT_23ALpaW@mailinator.com,TS1 1ST
uiNi8BxYSr,SSCS_MYA_PT_17XoDcM@mailinator.com,TS1 1ST
nJxd7dEzSE,SSCS_MYA_PT_13ReiHW@mailinator.com,TS1 1ST
Q2HJQlDjYe,SSCS_MYA_PT_15GsFhp@mailinator.com,TS1 1ST
QD70r5US6S,SSCS_MYA_PT_25lrqxq@mailinator.com,TS1 1ST
oO9byB50qC,SSCS_MYA_PT_5SXknz@mailinator.com,TS1 1ST
clCDUD4XM9,SSCS_MYA_PT_6FEMUE@mailinator.com,TS1 1ST
mAR01oxFwu,SSCS_MYA_PT_17VHqLr@mailinator.com,TS1 1ST
gPPKjyiIcV,SSCS_MYA_PT_24xqcGU@mailinator.com,TS1 1ST
jVuqY2tsol,SSCS_MYA_PT_19swqxd@mailinator.com,TS1 1ST
MxRFIEVra1,SSCS_MYA_PT_22DuVDY@mailinator.com,TS1 1ST
gdXSn9xVc6,SSCS_MYA_PT_7bdReO@mailinator.com,TS1 1ST
r9xgDgtv8H,SSCS_MYA_PT_5SXknz@mailinator.com,TS1 1ST
2qq0NXC0Re,SSCS_MYA_PT_1wpgOk@mailinator.com,TS1 1ST
N78SeHjBER,SSCS_MYA_PT_7EQwPk@mailinator.com,TS1 1ST
twM1GRoBy3,SSCS_MYA_PT_7BlQXY@mailinator.com,TS1 1ST
UoD3FabTTS,SSCS_MYA_PT_2nlkRM@mailinator.com,TS1 1ST
KO98iwMkoJ,SSCS_MYA_PT_8ZEvfY@mailinator.com,TS1 1ST
7W0KKbmXuz,SSCS_MYA_PT_26ppENY@mailinator.com,TS1 1ST
K8D3ppUq4M,SSCS_MYA_PT_20hgWon@mailinator.com,TS1 1ST
7J25QUAnF3,SSCS_MYA_PT_24ZGaRv@mailinator.com,TS1 1ST
7z54OaMwiW,SSCS_MYA_PT_22gDqHL@mailinator.com,TS1 1ST
iDiblXlcLy,SSCS_MYA_PT_26gGwFT@mailinator.com,TS1 1ST
PwzIdg3Eia,SSCS_MYA_PT_24umJQl@mailinator.com,TS1 1ST
XV4SO5XP5R,SSCS_MYA_PT_22DonYD@mailinator.com,TS1 1ST
rw7filalG0,SSCS_MYA_PT_8SvpQH@mailinator.com,TS1 1ST
SJ8vXB22kT,SSCS_MYA_PT_11mPuWQ@mailinator.com,TS1 1ST
ZaUynp8grW,SSCS_MYA_PT_13iXQil@mailinator.com,TS1 1ST
ee3t8rsz9Z,SSCS_MYA_PT_22pWoUw@mailinator.com,TS1 1ST
Lw5bMAsV8p,SSCS_MYA_PT_25HHvWd@mailinator.com,TS1 1ST
C6y6Kpj8gT,SSCS_MYA_PT_17kceCr@mailinator.com,TS1 1ST
r3TS8gHbE8,SSCS_MYA_PT_7gthpb@mailinator.com,TS1 1ST
riNQgyo1x5,SSCS_MYA_PT_16iHBjK@mailinator.com,TS1 1ST
GNStSkS7MV,SSCS_MYA_PT_1BakPj@mailinator.com,TS1 1ST
YpS8uEEeJy,SSCS_MYA_PT_27WRucL@mailinator.com,TS1 1ST
yf7ups9fNM,SSCS_MYA_PT_13ReiHW@mailinator.com,TS1 1ST
ZnfXpvJbi7,SSCS_MYA_PT_23ALpaW@mailinator.com,TS1 1ST
47PZHBLGEn,SSCS_MYA_PT_17XoDcM@mailinator.com,TS1 1ST
ibDmfFTRl2,SSCS_MYA_PT_15GsFhp@mailinator.com,TS1 1ST
KQam5Q7ZGu,SSCS_MYA_PT_2kVYEv@mailinator.com,TS1 1ST
D7bxCkw8Wr,SSCS_MYA_PT_25lrqxq@mailinator.com,TS1 1ST
c7ukmwRRyI,SSCS_MYA_PT_11whkGS@mailinator.com,TS1 1ST
MM6EpzVXAB,SSCS_MYA_PT_9NPZQn@mailinator.com,TS1 1ST
o1VuGI2h6m,SSCS_MYA_PT_21sbHPz@mailinator.com,TS1 1ST
TjlJl9Xh6B,SSCS_MYA_PT_2JnVDZ@mailinator.com,TS1 1ST
laYcZf7SrM,SSCS_MYA_PT_24FOEeF@mailinator.com,TS1 1ST
NzGDwRI2JB,SSCS_MYA_PT_21NrCMt@mailinator.com,TS1 1ST
H486O11xBy,SSCS_MYA_PT_9GSgyy@mailinator.com,TS1 1ST
7O1Ss6jj3q,SSCS_MYA_PT_23lQNPi@mailinator.com,TS1 1ST
HfBK3u0rWu,SSCS_MYA_PT_4ZtDSS@mailinator.com,TS1 1ST
fLlskHjVRt,SSCS_MYA_PT_5xxaMQ@mailinator.com,TS1 1ST
CnEqncW9mM,SSCS_MYA_PT_9WBKIP@mailinator.com,TS1 1ST
xWmqQ7Yqlk,SSCS_MYA_PT_1ULThQ@mailinator.com,TS1 1ST
ORcFFNzJnK,SSCS_MYA_PT_10hiHHx@mailinator.com,TS1 1ST
V29tZpRrmU,SSCS_MYA_PT_1xvbKg@mailinator.com,TS1 1ST
HY2n3KwVBB,SSCS_MYA_PT_9Jcrva@mailinator.com,TS1 1ST
fLidmV7vgC,SSCS_MYA_PT_25VKFBK@mailinator.com,TS1 1ST
YECWCShb8r,SSCS_MYA_PT_11XYqtN@mailinator.com,TS1 1ST
BQe0u6UEY0,SSCS_MYA_PT_14LOcAc@mailinator.com,TS1 1ST
lANmUopDy8,SSCS_MYA_PT_3cgDkn@mailinator.com,TS1 1ST
NrjewnFPLJ,SSCS_MYA_PT_27iabJP@mailinator.com,TS1 1ST
NzKuqBHMTw,SSCS_MYA_PT_4nnwdc@mailinator.com,TS1 1ST
px84lIFBCa,SSCS_MYA_PT_2EvPYT@mailinator.com,TS1 1ST
WuVLDQGZ1g,SSCS_MYA_PT_1NsBwT@mailinator.com,TS1 1ST
oH2p80qVfJ,SSCS_MYA_PT_5GGnkR@mailinator.com,TS1 1ST
dXxDDrS8HO,SSCS_MYA_PT_16psGbm@mailinator.com,TS1 1ST
xI6GLlobSP,SSCS_MYA_PT_25RXDyc@mailinator.com,TS1 1ST
KUvVxfgvJJ,SSCS_MYA_PT_12HXaAW@mailinator.com,TS1 1ST
1Ch1eWbdst,SSCS_MYA_PT_21TzQgc@mailinator.com,TS1 1ST
yKENr1jbHu,SSCS_MYA_PT_11NFvaQ@mailinator.com,TS1 1ST
aq9GVibLix,SSCS_MYA_PT_4xbRqN@mailinator.com,TS1 1ST
h2jCKLFncI,SSCS_MYA_PT_9dCYrC@mailinator.com,TS1 1ST
AlxEOy3E51,SSCS_MYA_PT_19KMwQf@mailinator.com,TS1 1ST
0PU1VMXBTo,SSCS_MYA_PT_4pmcdD@mailinator.com,TS1 1ST
SZ8TNXZ9gQ,SSCS_MYA_PT_23zwLBh@mailinator.com,TS1 1ST
vgTRonvtAI,SSCS_MYA_PT_20PUyiG@mailinator.com,TS1 1ST
RJSu6mdS7Q,SSCS_MYA_PT_9kqkNo@mailinator.com,TS1 1ST
z96Dd2OJvV,SSCS_MYA_PT_25MRXHk@mailinator.com,TS1 1ST
bDveKB6JaU,SSCS_MYA_PT_28lCLCO@mailinator.com,TS1 1ST
hkBTs47mMG,SSCS_MYA_PT_4Arfly@mailinator.com,TS1 1ST
PzjcG4tWwV,SSCS_MYA_PT_17sMQbX@mailinator.com,TS1 1ST
m6EhDt487B,SSCS_MYA_PT_5hdhXl@mailinator.com,TS1 1ST
rfvtrOSJMb,SSCS_MYA_PT_6OdSsX@mailinator.com,TS1 1ST
EZGIygmU8K,SSCS_MYA_PT_4VJJsS@mailinator.com,TS1 1ST
nyv1wI13ml,SSCS_MYA_PT_25MfGGp@mailinator.com,TS1 1ST
29t76gu8f3,SSCS_MYA_PT_20CBtyQ@mailinator.com,TS1 1ST
iRUYeRgZ7J,SSCS_MYA_PT_23RKbSw@mailinator.com,TS1 1ST
snQE3qK359,SSCS_MYA_PT_7liVtO@mailinator.com,TS1 1ST
xb5Zdh3Ed9,SSCS_MYA_PT_13vVBbZ@mailinator.com,TS1 1ST
P31KiQP2EM,SSCS_MYA_PT_12SyMjs@mailinator.com,TS1 1ST
kFC14XKoOq,SSCS_MYA_PT_7JLTnH@mailinator.com,TS1 1ST
rq40P8bvhq,SSCS_MYA_PT_27ehuiq@mailinator.com,TS1 1ST
hKVWQ9kjwM,SSCS_MYA_PT_23pNiro@mailinator.com,TS1 1ST
pFTUSkU3vJ,SSCS_MYA_PT_12iARGb@mailinator.com,TS1 1ST
aM0rIikx4E,SSCS_MYA_PT_4JjAML@mailinator.com,TS1 1ST
DycpTO805g,SSCS_MYA_PT_19fZYQZ@mailinator.com,TS1 1ST
3c7wh6YeVV,SSCS_MYA_PT_21wTmHK@mailinator.com,TS1 1ST
VCI7ZSh0lH,SSCS_MYA_PT_2ZYzBU@mailinator.com,TS1 1ST
8iH0bMPpXG,SSCS_MYA_PT_1VMBnf@mailinator.com,TS1 1ST
ZYOejaxHIw,SSCS_MYA_PT_16jYnUI@mailinator.com,TS1 1ST
I1fls3BUos,SSCS_MYA_PT_22ZqIfY@mailinator.com,TS1 1ST
OiPWF6HNqm,SSCS_MYA_PT_18goDFL@mailinator.com,TS1 1ST
1I1xRNZzqk,SSCS_MYA_PT_13KMVYA@mailinator.com,TS1 1ST
bVvRzAT9dg,SSCS_MYA_PT_23VjwCM@mailinator.com,TS1 1ST
OdMh8F3XAY,SSCS_MYA_PT_9mDefo@mailinator.com,TS1 1ST
PFZ8qfDP6l,SSCS_MYA_PT_1KmFTl@mailinator.com,TS1 1ST
QEKWTM6Emx,SSCS_MYA_PT_1kaNUH@mailinator.com,TS1 1ST
InnEkLHsSw,SSCS_MYA_PT_7YrorZ@mailinator.com,TS1 1ST
v0idEXOZsF,SSCS_MYA_PT_10HgFEq@mailinator.com,TS1 1ST
qtL1Y1r2DS,SSCS_MYA_PT_23TXBTG@mailinator.com,TS1 1ST
PhaSaga18y,SSCS_MYA_PT_25ZBMfW@mailinator.com,TS1 1ST
52zXPnxh54,SSCS_MYA_PT_22yUPwK@mailinator.com,TS1 1ST
9C5dejv4pd,SSCS_MYA_PT_27zozev@mailinator.com,TS1 1ST
b3ygIxnaRk,SSCS_MYA_PT_21tCffN@mailinator.com,TS1 1ST
icnMcoLkAY,SSCS_MYA_PT_19uhzWU@mailinator.com,TS1 1ST
Q73WzjHH0w,SSCS_MYA_PT_5HQqfI@mailinator.com,TS1 1ST
dKpzc28LMN,SSCS_MYA_PT_26NWlgm@mailinator.com,TS1 1ST
c84cJIoSSs,SSCS_MYA_PT_26NliCp@mailinator.com,TS1 1ST
WGSLq3UloX,SSCS_MYA_PT_21JiTGr@mailinator.com,TS1 1ST
H3o7uYVYlc,SSCS_MYA_PT_8xPfmc@mailinator.com,TS1 1ST
rcytvWChaF,SSCS_MYA_PT_17TmckR@mailinator.com,TS1 1ST
W2klhKMeZg,SSCS_MYA_PT_21qbJxy@mailinator.com,TS1 1ST
opyxPSVM1A,SSCS_MYA_PT_23EqPoz@mailinator.com,TS1 1ST
jcj5yEc1Lr,SSCS_MYA_PT_26dFJJl@mailinator.com,TS1 1ST
V4iBOFgIPi,SSCS_MYA_PT_9WPVao@mailinator.com,TS1 1ST
jUbw5AJpgA,SSCS_MYA_PT_16asPjH@mailinator.com,TS1 1ST
IbQnTqgtQL,SSCS_MYA_PT_11etWxj@mailinator.com,TS1 1ST
qZ54BijEO8,SSCS_MYA_PT_2DZazS@mailinator.com,TS1 1ST
Cx4WXtQHCC,SSCS_MYA_PT_5fXeLG@mailinator.com,TS1 1ST
qlQaR1rO40,SSCS_MYA_PT_26zHjKU@mailinator.com,TS1 1ST
TH3fjOmEBJ,SSCS_MYA_PT_4RhfFU@mailinator.com,TS1 1ST
rbxMxS0TSz,SSCS_MYA_PT_4hLDrB@mailinator.com,TS1 1ST
vmOXSvLY7v,SSCS_MYA_PT_14boyde@mailinator.com,TS1 1ST
VzFkg65JpO,SSCS_MYA_PT_28xiLUt@mailinator.com,TS1 1ST
JiSeyxI49u,SSCS_MYA_PT_1bKYLJ@mailinator.com,TS1 1ST
9dEx6ITAiJ,SSCS_MYA_PT_19RELLQ@mailinator.com,TS1 1ST
4VAqQyqzfx,SSCS_MYA_PT_17eGsUy@mailinator.com,TS1 1ST
KMssxFRSO5,SSCS_MYA_PT_28NdTej@mailinator.com,TS1 1ST
VJ2upfySTs,SSCS_MYA_PT_15ajGWZ@mailinator.com,TS1 1ST
aTw7P7zYNd,SSCS_MYA_PT_7cTJDo@mailinator.com,TS1 1ST
MVKRJii0Ub,SSCS_MYA_PT_15XVHBb@mailinator.com,TS1 1ST
3hTHYuRAd1,SSCS_MYA_PT_10iIdiL@mailinator.com,TS1 1ST
DKWCqkA5PP,SSCS_MYA_PT_22UYGlp@mailinator.com,TS1 1ST
Wkcxsf2tp3,SSCS_MYA_PT_3bNydn@mailinator.com,TS1 1ST
cFhcfe4WAx,SSCS_MYA_PT_17qfSkY@mailinator.com,TS1 1ST
AHG4CMTxlP,SSCS_MYA_PT_17aOjjG@mailinator.com,TS1 1ST
YEhJSsuAw9,SSCS_MYA_PT_17KBWMY@mailinator.com,TS1 1ST
0AKqs47xlx,SSCS_MYA_PT_13pmylu@mailinator.com,TS1 1ST
UkKY4wWOFd,SSCS_MYA_PT_14IJiTL@mailinator.com,TS1 1ST
2Vql6koNOK,SSCS_MYA_PT_24fZOwC@mailinator.com,TS1 1ST
0euirCXtAE,SSCS_MYA_PT_24pQqqx@mailinator.com,TS1 1ST
RPZE1Mj1Ss,SSCS_MYA_PT_6jLaMR@mailinator.com,TS1 1ST
GH5JlmGu39,SSCS_MYA_PT_19gocdJ@mailinator.com,TS1 1ST
McZN8T4uLO,SSCS_MYA_PT_6kDgbz@mailinator.com,TS1 1ST
HvCZbzDlOA,SSCS_MYA_PT_8LAYxn@mailinator.com,TS1 1ST
xb3VqlQTJH,SSCS_MYA_PT_1stqlb@mailinator.com,TS1 1ST
SGsAtqfY94,SSCS_MYA_PT_22GSmhu@mailinator.com,TS1 1ST
wBsjanuYuQ,SSCS_MYA_PT_19QBcwR@mailinator.com,TS1 1ST
0WgAGEbSRg,SSCS_MYA_PT_7SbBcF@mailinator.com,TS1 1ST
2pOgJcYDJS,SSCS_MYA_PT_9tubGB@mailinator.com,TS1 1ST
eSrSPK1I7D,SSCS_MYA_PT_20BIxJN@mailinator.com,TS1 1ST
nAOUPUcBAZ,SSCS_MYA_PT_8shMJn@mailinator.com,TS1 1ST
V57kayA3lZ,SSCS_MYA_PT_7jdXwj@mailinator.com,TS1 1ST
KOga08f1u2,SSCS_MYA_PT_6PZicU@mailinator.com,TS1 1ST
sSREBM0v34,SSCS_MYA_PT_28hgZFA@mailinator.com,TS1 1ST
LrRIHWrca1,SSCS_MYA_PT_18rkSwT@mailinator.com,TS1 1ST
EgwCT4Cmzk,SSCS_MYA_PT_26iCMwI@mailinator.com,TS1 1ST
bxPEruznt9,SSCS_MYA_PT_10olfWt@mailinator.com,TS1 1ST
IDnfqxgqGE,SSCS_MYA_PT_28iMCMJ@mailinator.com,TS1 1ST
yeByt48dVB,SSCS_MYA_PT_1xiiIL@mailinator.com,TS1 1ST
4qnr67MQC6,SSCS_MYA_PT_7ScGNA@mailinator.com,TS1 1ST
mvXQyCNNYG,SSCS_MYA_PT_18PNRJS@mailinator.com,TS1 1ST
jVz72hFhMp,SSCS_MYA_PT_26zQLVJ@mailinator.com,TS1 1ST
cmZF6h0Ree,SSCS_MYA_PT_2rDOmV@mailinator.com,TS1 1ST
kzI44rXJpd,SSCS_MYA_PT_26tEoIg@mailinator.com,TS1 1ST
jMIW6shtMr,SSCS_MYA_PT_3tmpqT@mailinator.com,TS1 1ST
jpQM8UHeLi,SSCS_MYA_PT_26mxNBu@mailinator.com,TS1 1ST
6E4gKuW1Ko,SSCS_MYA_PT_17icCcI@mailinator.com,TS1 1ST
nVTl7GMKs0,SSCS_MYA_PT_4TJXxG@mailinator.com,TS1 1ST
ng2sT1mnrR,SSCS_MYA_PT_28ggenv@mailinator.com,TS1 1ST
CxKOAY4nBp,SSCS_MYA_PT_5mkPAs@mailinator.com,TS1 1ST
lIlqxpiqXj,SSCS_MYA_PT_5Wkoag@mailinator.com,TS1 1ST
nCg0Uy4aPl,SSCS_MYA_PT_20fjjKg@mailinator.com,TS1 1ST
zcron5gktq,SSCS_MYA_PT_8WrLte@mailinator.com,TS1 1ST
mpsK7FGhWM,SSCS_MYA_PT_28jFNQu@mailinator.com,TS1 1ST
Igj3NA2hzt,SSCS_MYA_PT_28lphvJ@mailinator.com,TS1 1ST
CvCuBAp0PD,SSCS_MYA_PT_21zxcHK@mailinator.com,TS1 1ST
y4dOETWYQ6,SSCS_MYA_PT_26YSdFF@mailinator.com,TS1 1ST
NatdVgWX2v,SSCS_MYA_PT_6BWxyr@mailinator.com,TS1 1ST
gC4euK1N4C,SSCS_MYA_PT_18CUBsY@mailinator.com,TS1 1ST
AP9ZaSOc92,SSCS_MYA_PT_8LQQug@mailinator.com,TS1 1ST
ab30QmEHnr,SSCS_MYA_PT_3expTn@mailinator.com,TS1 1ST
rnSYHoB9Fw,SSCS_MYA_PT_2DHbha@mailinator.com,TS1 1ST
Lksfl60r52,SSCS_MYA_PT_19vgjIF@mailinator.com,TS1 1ST
laT1eNTgjo,SSCS_MYA_PT_11CrquI@mailinator.com,TS1 1ST
nMsQuDe2FB,SSCS_MYA_PT_24EtnBk@mailinator.com,TS1 1ST
36W8bzDO6e,SSCS_MYA_PT_24InSei@mailinator.com,TS1 1ST
aFE33Z8csX,SSCS_MYA_PT_13DlmWq@mailinator.com,TS1 1ST
UrYK5wULHp,SSCS_MYA_PT_28rldYK@mailinator.com,TS1 1ST
fTJ0PWmB43,SSCS_MYA_PT_11EhyBm@mailinator.com,TS1 1ST
opgtoOBxwg,SSCS_MYA_PT_26cMSpi@mailinator.com,TS1 1ST
oT0AeIINuF,SSCS_MYA_PT_26jaipX@mailinator.com,TS1 1ST
An2tPuhLdK,SSCS_MYA_PT_11MDqEZ@mailinator.com,TS1 1ST
WlonrUxBC4,SSCS_MYA_PT_5JaCrd@mailinator.com,TS1 1ST
zgFtb8IVB6,SSCS_MYA_PT_24chYNd@mailinator.com,TS1 1ST
qcwBbPeFRU,SSCS_MYA_PT_4BJXwm@mailinator.com,TS1 1ST
IVi5VCPGX6,SSCS_MYA_PT_14wUVFU@mailinator.com,TS1 1ST
ePK7pO8VIy,SSCS_MYA_PT_5dnpRl@mailinator.com,TS1 1ST
VjF99xGiV3,SSCS_MYA_PT_23zeraL@mailinator.com,TS1 1ST
nZeKjWUk15,SSCS_MYA_PT_25deMnI@mailinator.com,TS1 1ST
eGcUMTEJsZ,SSCS_MYA_PT_21pETIu@mailinator.com,TS1 1ST
IMfGFsBOHf,SSCS_MYA_PT_22DuojB@mailinator.com,TS1 1ST
DP56dn2H2U,SSCS_MYA_PT_16LShQo@mailinator.com,TS1 1ST
51hn4wjPXS,SSCS_MYA_PT_19ShQHr@mailinator.com,TS1 1ST
jFqP7kQkci,SSCS_MYA_PT_3MTkgH@mailinator.com,TS1 1ST
1GVGqlMlUZ,SSCS_MYA_PT_27MkrSu@mailinator.com,TS1 1ST
DpuKWg2kMJ,SSCS_MYA_PT_16jYnUI@mailinator.com,TS1 1ST
nX2SwQlUUb,SSCS_MYA_PT_26XyGlD@mailinator.com,TS1 1ST
j90GrQ56lb,SSCS_MYA_PT_9mDefo@mailinator.com,TS1 1ST
iKOYeCp2IX,SSCS_MYA_PT_1KmFTl@mailinator.com,TS1 1ST
rFQl1bR42N,SSCS_MYA_PT_23VjwCM@mailinator.com,TS1 1ST
pyYqX5rmuL,SSCS_MYA_PT_13KMVYA@mailinator.com,TS1 1ST
NGAH6qfird,SSCS_MYA_PT_18goDFL@mailinator.com,TS1 1ST
VG80q5LZsN,SSCS_MYA_PT_8ngcsi@mailinator.com,TS1 1ST
zEBnRdguZ5,SSCS_MYA_PT_20ACHmk@mailinator.com,TS1 1ST
Bykw9tEXQ5,SSCS_MYA_PT_3WAqqG@mailinator.com,TS1 1ST
GdAiNjXBF0,SSCS_MYA_PT_7QRRoR@mailinator.com,TS1 1ST
r0pIFsy7sz,SSCS_MYA_PT_7byxAl@mailinator.com,TS1 1ST
G8QsZr0liH,SSCS_MYA_PT_1kaNUH@mailinator.com,TS1 1ST
ncsVZrdVGe,SSCS_MYA_PT_14FaeZO@mailinator.com,TS1 1ST
MgDTH9ceTH,SSCS_MYA_PT_7YrorZ@mailinator.com,TS1 1ST
DvbXOQdcl1,SSCS_MYA_PT_8zgVsS@mailinator.com,TS1 1ST
28fP5udj3q,SSCS_MYA_PT_5HQqfI@mailinator.com,TS1 1ST
IUosAWA5zO,SSCS_MYA_PT_10HgFEq@mailinator.com,TS1 1ST
SMZ0y7ge5R,SSCS_MYA_PT_21tCffN@mailinator.com,TS1 1ST
6rMoKz5LSn,SSCS_MYA_PT_23TXBTG@mailinator.com,TS1 1ST
jFaih8q11K,SSCS_MYA_PT_27zozev@mailinator.com,TS1 1ST
vhP31Mb3Yd,SSCS_MYA_PT_19uhzWU@mailinator.com,TS1 1ST
9s6QMKFCHM,SSCS_MYA_PT_25ZBMfW@mailinator.com,TS1 1ST
Aw2X7EfWhd,SSCS_MYA_PT_24MXhSY@mailinator.com,TS1 1ST
ItyuWcV7xH,SSCS_MYA_PT_26NWlgm@mailinator.com,TS1 1ST
maxGYjU2kl,SSCS_MYA_PT_22yUPwK@mailinator.com,TS1 1ST
TLG367aoQc,SSCS_MYA_PT_23Pxdye@mailinator.com,TS1 1ST
z2Owr0lcdd,SSCS_MYA_PT_21JiTGr@mailinator.com,TS1 1ST
bofo51Kk2p,SSCS_MYA_PT_26NliCp@mailinator.com,TS1 1ST
6McagNjYJ3,SSCS_MYA_PT_17nlRqy@mailinator.com,TS1 1ST
7sc0Kaw2MA,SSCS_MYA_PT_22liNuz@mailinator.com,TS1 1ST
ju62j4NETZ,SSCS_MYA_PT_24mLlmW@mailinator.com,TS1 1ST
mMfwknH8AL,SSCS_MYA_PT_8xPfmc@mailinator.com,TS1 1ST
WdETL2BfXW,SSCS_MYA_PT_17TmckR@mailinator.com,TS1 1ST
4XkR7a4AqJ,SSCS_MYA_PT_27CdRNu@mailinator.com,TS1 1ST
AsRLHZgdgt,SSCS_MYA_PT_21qbJxy@mailinator.com,TS1 1ST
qPz22nJheF,SSCS_MYA_PT_2DZazS@mailinator.com,TS1 1ST
Lx6fdEdshy,SSCS_MYA_PT_16asPjH@mailinator.com,TS1 1ST
1FdRyA6QOg,SSCS_MYA_PT_28NdTej@mailinator.com,TS1 1ST
d9k3hlN3xe,SSCS_MYA_PT_23EqPoz@mailinator.com,TS1 1ST
UQfrrCblCk,SSCS_MYA_PT_11etWxj@mailinator.com,TS1 1ST
kqgTt0ffO7,SSCS_MYA_PT_26dFJJl@mailinator.com,TS1 1ST
si6vtG83ly,SSCS_MYA_PT_5fXeLG@mailinator.com,TS1 1ST
VCKCdFaGT6,SSCS_MYA_PT_17eGsUy@mailinator.com,TS1 1ST
0c7JakmTqm,SSCS_MYA_PT_4hLDrB@mailinator.com,TS1 1ST
YVZhqc4KKR,SSCS_MYA_PT_9WPVao@mailinator.com,TS1 1ST
v5q2rNLx4r,SSCS_MYA_PT_26zHjKU@mailinator.com,TS1 1ST
BFzAIxVfCV,SSCS_MYA_PT_28jqJBa@mailinator.com,TS1 1ST
Km15dTubIO,SSCS_MYA_PT_14boyde@mailinator.com,TS1 1ST
mA9t9Cf0w0,SSCS_MYA_PT_15ajGWZ@mailinator.com,TS1 1ST
MJeCzmPIES,SSCS_MYA_PT_26rovSR@mailinator.com,TS1 1ST
8bHkZtQD8M,SSCS_MYA_PT_28xiLUt@mailinator.com,TS1 1ST
UaTtifM48r,SSCS_MYA_PT_19akbfT@mailinator.com,TS1 1ST
2yR3aIWw15,SSCS_MYA_PT_19RELLQ@mailinator.com,TS1 1ST
mvIcOc6DVM,SSCS_MYA_PT_4RhfFU@mailinator.com,TS1 1ST
8ZdS5o2GDJ,SSCS_MYA_PT_1bKYLJ@mailinator.com,TS1 1ST
Ze7uxlZ21s,SSCS_MYA_PT_7cTJDo@mailinator.com,TS1 1ST
fPBV0T224j,SSCS_MYA_PT_10iIdiL@mailinator.com,TS1 1ST
4dTHJRBklz,SSCS_MYA_PT_23aVYvQ@mailinator.com,TS1 1ST
l1KXEgSMB2,SSCS_MYA_PT_17aOjjG@mailinator.com,TS1 1ST
IUISR2Np0S,SSCS_MYA_PT_22UYGlp@mailinator.com,TS1 1ST
YOqw8z4BXe,SSCS_MYA_PT_15XVHBb@mailinator.com,TS1 1ST
aLbAyBsmYP,SSCS_MYA_PT_17KBWMY@mailinator.com,TS1 1ST
VoJxPkpPjA,SSCS_MYA_PT_3bNydn@mailinator.com,TS1 1ST
yT02Sjgjq5,SSCS_MYA_PT_9YCsTk@mailinator.com,TS1 1ST
4oCG05v6Jp,SSCS_MYA_PT_17qfSkY@mailinator.com,TS1 1ST
Io01kKtckH,SSCS_MYA_PT_13pmylu@mailinator.com,TS1 1ST
Jg7VgNop0x,SSCS_MYA_PT_6jLaMR@mailinator.com,TS1 1ST
GPYccgsNxx,SSCS_MYA_PT_14IJiTL@mailinator.com,TS1 1ST
PEYu95Qf5K,SSCS_MYA_PT_27asedi@mailinator.com,TS1 1ST
zWrES7LrYp,SSCS_MYA_PT_9aEYrc@mailinator.com,TS1 1ST
0iSj5TYrgE,SSCS_MYA_PT_24fZOwC@mailinator.com,TS1 1ST
Hd0Ej00dUI,SSCS_MYA_PT_24pQqqx@mailinator.com,TS1 1ST
a3CI4mziTt,SSCS_MYA_PT_28AyimF@mailinator.com,TS1 1ST
EgHwQvLxBI,SSCS_MYA_PT_12NELMP@mailinator.com,TS1 1ST
HSb69KkwkD,SSCS_MYA_PT_6kDgbz@mailinator.com,TS1 1ST
FTDK5HBOm0,SSCS_MYA_PT_5Xiorp@mailinator.com,TS1 1ST
j8Fcni3i0j,SSCS_MYA_PT_19QBcwR@mailinator.com,TS1 1ST
73YbuzBMzz,SSCS_MYA_PT_19gocdJ@mailinator.com,TS1 1ST
g2BRkBwfHM,SSCS_MYA_PT_1stqlb@mailinator.com,TS1 1ST
mPLTGD2OPX,SSCS_MYA_PT_8LAYxn@mailinator.com,TS1 1ST
VjzauNOFe6,SSCS_MYA_PT_28yCwcr@mailinator.com,TS1 1ST
ibkOrD9u6y,SSCS_MYA_PT_22GSmhu@mailinator.com,TS1 1ST
DQgNc9oXxl,SSCS_MYA_PT_12GNiFZ@mailinator.com,TS1 1ST
lEyzYvL9W9,SSCS_MYA_PT_7SbBcF@mailinator.com,TS1 1ST
MBwDpT8hoy,SSCS_MYA_PT_6PZicU@mailinator.com,TS1 1ST
V5OsyFPD7K,SSCS_MYA_PT_9tubGB@mailinator.com,TS1 1ST
N1innOzRFr,SSCS_MYA_PT_20BIxJN@mailinator.com,TS1 1ST
if8w4dPcn7,SSCS_MYA_PT_12UbISs@mailinator.com,TS1 1ST
6ZS2whFctP,SSCS_MYA_PT_8shMJn@mailinator.com,TS1 1ST
z1zw2jZVJl,SSCS_MYA_PT_7jdXwj@mailinator.com,TS1 1ST
NoCwquT7wk,SSCS_MYA_PT_18rkSwT@mailinator.com,TS1 1ST
EvPCZLYudP,SSCS_MYA_PT_28hgZFA@mailinator.com,TS1 1ST
HcctRjKA8N,SSCS_MYA_PT_26iCMwI@mailinator.com,TS1 1ST
ba6nT1ZGB3,SSCS_MYA_PT_10olfWt@mailinator.com,TS1 1ST
97GfVlf4JW,SSCS_MYA_PT_28iMCMJ@mailinator.com,TS1 1ST
lFkhFBW9fh,SSCS_MYA_PT_1xiiIL@mailinator.com,TS1 1ST
DoVUxwR37T,SSCS_MYA_PT_18PNRJS@mailinator.com,TS1 1ST
FbhXQaBRS3,SSCS_MYA_PT_15XaSjd@mailinator.com,TS1 1ST
u0YQl8eP9Z,SSCS_MYA_PT_2rDOmV@mailinator.com,TS1 1ST
q2We6KqP0t,SSCS_MYA_PT_27mLCZf@mailinator.com,TS1 1ST
XD5lfPqTQq,SSCS_MYA_PT_7SZRTr@mailinator.com,TS1 1ST
13FOo8xvqh,SSCS_MYA_PT_24olDtY@mailinator.com,TS1 1ST
IjYk78oqtM,SSCS_MYA_PT_24rHqSi@mailinator.com,TS1 1ST
XnBUfVNH6d,SSCS_MYA_PT_24amhKn@mailinator.com,TS1 1ST
4U4clWRYZt,SSCS_MYA_PT_7SDEyf@mailinator.com,TS1 1ST
35pO7CNAgi,SSCS_MYA_PT_15hvXgn@mailinator.com,TS1 1ST
I3wXUA5x2E,SSCS_MYA_PT_19ZsIVu@mailinator.com,TS1 1ST
RwCWokVwDV,SSCS_MYA_PT_20SWMBf@mailinator.com,TS1 1ST
Mo1OQxs3rg,SSCS_MYA_PT_4Hzkou@mailinator.com,TS1 1ST
jZABzhEb9C,SSCS_MYA_PT_6FiszL@mailinator.com,TS1 1ST
mPhh6xPC8z,SSCS_MYA_PT_19okIMy@mailinator.com,TS1 1ST
1E7L2OO2dm,SSCS_MYA_PT_17iGdZu@mailinator.com,TS1 1ST
2bDJChA8Qh,SSCS_MYA_PT_3bAwlt@mailinator.com,TS1 1ST
WIjwD3RWoj,SSCS_MYA_PT_9UpDRF@mailinator.com,TS1 1ST
DQVQHscy18,SSCS_MYA_PT_9VtFOu@mailinator.com,TS1 1ST
SjAnpFKqFr,SSCS_MYA_PT_18pgJLM@mailinator.com,TS1 1ST
rTLIgPsdmr,SSCS_MYA_PT_25wLbQq@mailinator.com,TS1 1ST
g3Qgu7wqRG,SSCS_MYA_PT_9TJhUI@mailinator.com,TS1 1ST
reeoV0igim,SSCS_MYA_PT_16abvIQ@mailinator.com,TS1 1ST
6MpKPmarkK,SSCS_MYA_PT_11inwns@mailinator.com,TS1 1ST
sIw4VIWpFC,SSCS_MYA_PT_19ZMhjz@mailinator.com,TS1 1ST
9Ja2Novr3A,SSCS_MYA_PT_20EZytC@mailinator.com,TS1 1ST
Y0RbHMNLcy,SSCS_MYA_PT_17WAqhu@mailinator.com,TS1 1ST
fTOKLmGJLn,SSCS_MYA_PT_17URitA@mailinator.com,TS1 1ST
yvjuaWsnnd,SSCS_MYA_PT_5zcrac@mailinator.com,TS1 1ST
60OshxGSfG,SSCS_MYA_PT_11LJFma@mailinator.com,TS1 1ST
F2RW1XKnxI,SSCS_MYA_PT_5PGJNa@mailinator.com,TS1 1ST
qTimkTgTPv,SSCS_MYA_PT_25icRhK@mailinator.com,TS1 1ST
UDl0WRqPHD,SSCS_MYA_PT_16VbpgC@mailinator.com,TS1 1ST
XfZT34P2lS,SSCS_MYA_PT_28QgRIX@mailinator.com,TS1 1ST
7acegzJ4TG,SSCS_MYA_PT_9FoNHI@mailinator.com,TS1 1ST
izN4P9h4qa,SSCS_MYA_PT_11FyMsu@mailinator.com,TS1 1ST
pVqzgaBjvr,SSCS_MYA_PT_4TyQUU@mailinator.com,TS1 1ST
zF0w2nnQAt,SSCS_MYA_PT_5UABYy@mailinator.com,TS1 1ST
Tpy5GClL1R,SSCS_MYA_PT_28yMTlu@mailinator.com,TS1 1ST
vV9VJ8gYpZ,SSCS_MYA_PT_15CBlta@mailinator.com,TS1 1ST
IosPx2DV3G,SSCS_MYA_PT_28CuvqV@mailinator.com,TS1 1ST
8W6bxRsYyq,SSCS_MYA_PT_23Nomym@mailinator.com,TS1 1ST
lBfSp4JFrj,SSCS_MYA_PT_23aBcJD@mailinator.com,TS1 1ST
6J8dRXkicl,SSCS_MYA_PT_1ijAFz@mailinator.com,TS1 1ST
fltPdbOXHJ,SSCS_MYA_PT_10pkbvG@mailinator.com,TS1 1ST
aZ0xBjhQT1,SSCS_MYA_PT_20mZoiS@mailinator.com,TS1 1ST
yfWChnFTu2,SSCS_MYA_PT_9BEwOp@mailinator.com,TS1 1ST
3dSjSKO2C3,SSCS_MYA_PT_13UNSxX@mailinator.com,TS1 1ST
zfMba1jW1I,SSCS_MYA_PT_3krWgI@mailinator.com,TS1 1ST
pRartyMSU2,SSCS_MYA_PT_23VOfJl@mailinator.com,TS1 1ST
xRfD8PnfTG,SSCS_MYA_PT_1VpTlI@mailinator.com,TS1 1ST
CBGkoT1yx3,SSCS_MYA_PT_18ZeYzK@mailinator.com,TS1 1ST
jh5fIP2J11,SSCS_MYA_PT_13veBRY@mailinator.com,TS1 1ST
HKz4jXFirW,SSCS_MYA_PT_4BxBJH@mailinator.com,TS1 1ST
SF8IlGBtLA,SSCS_MYA_PT_24tKEtP@mailinator.com,TS1 1ST
3IdDVfu6Nl,SSCS_MYA_PT_16dczEM@mailinator.com,TS1 1ST
wQLZOZY41L,SSCS_MYA_PT_16ARKkr@mailinator.com,TS1 1ST
mpjEM925WQ,SSCS_MYA_PT_23kaNEp@mailinator.com,TS1 1ST
nWCHUkJD86,SSCS_MYA_PT_13DXacD@mailinator.com,TS1 1ST
STYKMNj7vr,SSCS_MYA_PT_26mMttr@mailinator.com,TS1 1ST
uiWeOBrEpd,SSCS_MYA_PT_6IbdRs@mailinator.com,TS1 1ST
bdrg0taiK6,SSCS_MYA_PT_4lLbWz@mailinator.com,TS1 1ST
yHzDqO61z8,SSCS_MYA_PT_4IBHsn@mailinator.com,TS1 1ST
5GX7PllRZG,SSCS_MYA_PT_23XtzhW@mailinator.com,TS1 1ST
1wTYRrX0HW,SSCS_MYA_PT_20TfUWK@mailinator.com,TS1 1ST
9xeLFxy17H,SSCS_MYA_PT_4GeYxt@mailinator.com,TS1 1ST
5Z2WbeLN4y,SSCS_MYA_PT_1JAeWk@mailinator.com,TS1 1ST
MyqlxhqEat,SSCS_MYA_PT_27SHyPy@mailinator.com,TS1 1ST
mrrQhjKEan,SSCS_MYA_PT_8PeTBv@mailinator.com,TS1 1ST
BWsL0ixkVO,SSCS_MYA_PT_13VHaFM@mailinator.com,TS1 1ST
ODYLCkJVmN,SSCS_MYA_PT_6OZLHg@mailinator.com,TS1 1ST
xjBsuMOTMj,SSCS_MYA_PT_11cGKiO@mailinator.com,TS1 1ST
4G8vwyKXTQ,SSCS_MYA_PT_19HHiMI@mailinator.com,TS1 1ST
jONAL698pN,SSCS_MYA_PT_8TmUkO@mailinator.com,TS1 1ST
CJBkAIqf6m,SSCS_MYA_PT_22SaWhK@mailinator.com,TS1 1ST
k8ioZyumK4,SSCS_MYA_PT_6IfUCN@mailinator.com,TS1 1ST
oZ2af6swCK,SSCS_MYA_PT_9gJKuu@mailinator.com,TS1 1ST
A4Ix3WnyYo,SSCS_MYA_PT_28RGcYD@mailinator.com,TS1 1ST
j4DFJRg919,SSCS_MYA_PT_9FdMgl@mailinator.com,TS1 1ST
iTgOmhvkTu,SSCS_MYA_PT_7QDskY@mailinator.com,TS1 1ST
au3YxceIym,SSCS_MYA_PT_25tNcRV@mailinator.com,TS1 1ST
f9U4XhfMt7,SSCS_MYA_PT_10rDIyl@mailinator.com,TS1 1ST
TPXdRI8GBt,SSCS_MYA_PT_8CCJcO@mailinator.com,TS1 1ST
tLFUXQHSun,SSCS_MYA_PT_8AbXnZ@mailinator.com,TS1 1ST
mdXP7rSzy7,SSCS_MYA_PT_3tSHDX@mailinator.com,TS1 1ST
wK8O8srDH5,SSCS_MYA_PT_24ARttP@mailinator.com,TS1 1ST
vHCqIA0MNX,SSCS_MYA_PT_27yDeGZ@mailinator.com,TS1 1ST
EANgUiEIQE,SSCS_MYA_PT_21uVIMC@mailinator.com,TS1 1ST
AESaI76C4J,SSCS_MYA_PT_8SzxAo@mailinator.com,TS1 1ST
muvAzCl0XS,SSCS_MYA_PT_8yWaht@mailinator.com,TS1 1ST
dvTIpkqA0L,SSCS_MYA_PT_27qzQJg@mailinator.com,TS1 1ST
FbeJLt8lqu,SSCS_MYA_PT_10XkPiH@mailinator.com,TS1 1ST
26RPZGfoc2,SSCS_MYA_PT_21dKdBG@mailinator.com,TS1 1ST
T5Fpv2hqLu,SSCS_MYA_PT_17TeJrF@mailinator.com,TS1 1ST
L6lOCeIXQv,SSCS_MYA_PT_5KJawj@mailinator.com,TS1 1ST
ahnalGEfNK,SSCS_MYA_PT_2mUpac@mailinator.com,TS1 1ST
CroLtYKFbH,SSCS_MYA_PT_6gnDUJ@mailinator.com,TS1 1ST
xRJVxCIjgp,SSCS_MYA_PT_14rDDSK@mailinator.com,TS1 1ST
HxcAF0l0hl,SSCS_MYA_PT_21LMThy@mailinator.com,TS1 1ST
jL9PpCulba,SSCS_MYA_PT_11OTxgN@mailinator.com,TS1 1ST
QbbEyePpu3,SSCS_MYA_PT_12KYpse@mailinator.com,TS1 1ST
09AOEMt50U,SSCS_MYA_PT_19pZOjg@mailinator.com,TS1 1ST
HMAZicEXfq,SSCS_MYA_PT_9WngSh@mailinator.com,TS1 1ST
p5SCressjW,SSCS_MYA_PT_22GoPmV@mailinator.com,TS1 1ST
MxQQXonGNd,SSCS_MYA_PT_23bLgHy@mailinator.com,TS1 1ST
Df1XXTc0xB,SSCS_MYA_PT_5sammw@mailinator.com,TS1 1ST
nrSTs9rRuE,SSCS_MYA_PT_20sNTck@mailinator.com,TS1 1ST
mXlI5JPptw,SSCS_MYA_PT_27EXrcW@mailinator.com,TS1 1ST
wwIkJMV51Q,SSCS_MYA_PT_2KuTqF@mailinator.com,TS1 1ST
SsWPtivhLm,SSCS_MYA_PT_23UTuLL@mailinator.com,TS1 1ST
y1kafVeY62,SSCS_MYA_PT_1JELqI@mailinator.com,TS1 1ST
UXTrA1qEtP,SSCS_MYA_PT_11ZRTuq@mailinator.com,TS1 1ST
y5uMuqOsNG,SSCS_MYA_PT_27Nvdni@mailinator.com,TS1 1ST
oYAAn6XCkC,SSCS_MYA_PT_26BNNST@mailinator.com,TS1 1ST
OV6a8hlVYd,SSCS_MYA_PT_10UzJsY@mailinator.com,TS1 1ST
l4rtkReo2p,SSCS_MYA_PT_3XoJoH@mailinator.com,TS1 1ST
h7INlutL1n,SSCS_MYA_PT_10cuAru@mailinator.com,TS1 1ST
t2v0l4Y5RW,SSCS_MYA_PT_16AFPLZ@mailinator.com,TS1 1ST
km8uesDWPw,SSCS_MYA_PT_27RsquD@mailinator.com,TS1 1ST
RSDT7ZXAmg,SSCS_MYA_PT_20bFmYb@mailinator.com,TS1 1ST
p9p2drNsCJ,SSCS_MYA_PT_19xuAhb@mailinator.com,TS1 1ST
m7aqXfy4gi,SSCS_MYA_PT_14HwMZp@mailinator.com,TS1 1ST
KKAJtjJrSe,SSCS_MYA_PT_13CehHc@mailinator.com,TS1 1ST
LVwIJ3RveB,SSCS_MYA_PT_19BIJLr@mailinator.com,TS1 1ST
SUEP2EKOm9,SSCS_MYA_PT_9mNeXJ@mailinator.com,TS1 1ST
YXNC1vSKTw,SSCS_MYA_PT_18kBlVu@mailinator.com,TS1 1ST
p9nWFZUtRf,SSCS_MYA_PT_24ijXWx@mailinator.com,TS1 1ST
KVooilFjr7,SSCS_MYA_PT_22uvbRp@mailinator.com,TS1 1ST
NUfRZRIiDi,SSCS_MYA_PT_3YwcaK@mailinator.com,TS1 1ST
ops9tuujPC,SSCS_MYA_PT_21SZUes@mailinator.com,TS1 1ST
tzVQlrGHKo,SSCS_MYA_PT_20AfwtZ@mailinator.com,TS1 1ST
SWCTwATvte,SSCS_MYA_PT_24hfloR@mailinator.com,TS1 1ST
MxwH7lN9Da,SSCS_MYA_PT_24fYfym@mailinator.com,TS1 1ST
plZU9lhC13,SSCS_MYA_PT_9nAMvb@mailinator.com,TS1 1ST
kHnGEXKB87,SSCS_MYA_PT_9eucWS@mailinator.com,TS1 1ST
0dht6sIdP3,SSCS_MYA_PT_20fdQZI@mailinator.com,TS1 1ST
FbokG6UcIl,SSCS_MYA_PT_19JPoqo@mailinator.com,TS1 1ST
Fzn0pkgyFG,SSCS_MYA_PT_12qpMTk@mailinator.com,TS1 1ST
XalGK4I7Tl,SSCS_MYA_PT_20Kuuvb@mailinator.com,TS1 1ST
Cmx27tuUAy,SSCS_MYA_PT_11YGAfO@mailinator.com,TS1 1ST
y0g9xYTtoB,SSCS_MYA_PT_24jQfNM@mailinator.com,TS1 1ST
cKTPTxvsZi,SSCS_MYA_PT_3WgUwk@mailinator.com,TS1 1ST
hmY2IkbJuy,SSCS_MYA_PT_18lSwaD@mailinator.com,TS1 1ST
5CvSPV6aLI,SSCS_MYA_PT_13NDtMx@mailinator.com,TS1 1ST
75YHv4Lqma,SSCS_MYA_PT_18OWcpa@mailinator.com,TS1 1ST
VK7SaseK5c,SSCS_MYA_PT_21BQqNA@mailinator.com,TS1 1ST
GARlkPza3D,SSCS_MYA_PT_9hPmcw@mailinator.com,TS1 1ST
W5vwUkC3VH,SSCS_MYA_PT_11vZGcg@mailinator.com,TS1 1ST
9B9LvIEo4n,SSCS_MYA_PT_16FIcaR@mailinator.com,TS1 1ST
alnXev4dZl,SSCS_MYA_PT_21doBzL@mailinator.com,TS1 1ST
Y8UrZ6VveT,SSCS_MYA_PT_25QINTj@mailinator.com,TS1 1ST
r5NWkAWix8,SSCS_MYA_PT_13SumsE@mailinator.com,TS1 1ST
x4lmFZSa6x,SSCS_MYA_PT_25MCqGV@mailinator.com,TS1 1ST
jn55wlh5HW,SSCS_MYA_PT_11BLWkG@mailinator.com,TS1 1ST
2l4yXHljsg,SSCS_MYA_PT_10nTNgZ@mailinator.com,TS1 1ST
W3rvLAiY9R,SSCS_MYA_PT_16gltcD@mailinator.com,TS1 1ST
iAtG45k3qh,SSCS_MYA_PT_5YgnIE@mailinator.com,TS1 1ST
ktXr5Ficdj,SSCS_MYA_PT_19peNIE@mailinator.com,TS1 1ST
PhWHdJaVkf,SSCS_MYA_PT_18GJZah@mailinator.com,TS1 1ST
1WbN1PjTqZ,SSCS_MYA_PT_14rclCv@mailinator.com,TS1 1ST
CeuOeq63jn,SSCS_MYA_PT_24mqbKx@mailinator.com,TS1 1ST
UQXprFDP8S,SSCS_MYA_PT_9vecWn@mailinator.com,TS1 1ST
IKlRTXGdpe,SSCS_MYA_PT_12MclgC@mailinator.com,TS1 1ST
OVtTCVLJkf,SSCS_MYA_PT_21GEYSg@mailinator.com,TS1 1ST
AKjzPHakXd,SSCS_MYA_PT_16nASqd@mailinator.com,TS1 1ST
vAQQb2ZPHt,SSCS_MYA_PT_7AkpBn@mailinator.com,TS1 1ST
iTtbduxDLc,SSCS_MYA_PT_14aDiJr@mailinator.com,TS1 1ST
La3Mks5BzR,SSCS_MYA_PT_25uWmWU@mailinator.com,TS1 1ST
DTTeq2Y0SG,SSCS_MYA_PT_5nBUcD@mailinator.com,TS1 1ST
lS4srbDRw9,SSCS_MYA_PT_2uNdaG@mailinator.com,TS1 1ST
PYDXimDdwq,SSCS_MYA_PT_1lvBhu@mailinator.com,TS1 1ST
jyzP0EZkvs,SSCS_MYA_PT_1wIOwi@mailinator.com,TS1 1ST
7ICLRezyul,SSCS_MYA_PT_10HBADK@mailinator.com,TS1 1ST
STsvHvgKnQ,SSCS_MYA_PT_9TMCGv@mailinator.com,TS1 1ST
iQ6os8Hqgw,SSCS_MYA_PT_6iHlek@mailinator.com,TS1 1ST
Q5uD2CabWw,SSCS_MYA_PT_13mBqFW@mailinator.com,TS1 1ST
Rpszw0dGtu,SSCS_MYA_PT_4qUNZQ@mailinator.com,TS1 1ST
wJGddMSGwA,SSCS_MYA_PT_6Hmdcb@mailinator.com,TS1 1ST
h3NlMaTyGO,SSCS_MYA_PT_5XHrgl@mailinator.com,TS1 1ST
fgAmhkDm3e,SSCS_MYA_PT_15jYMjl@mailinator.com,TS1 1ST
2ux5OAbjbb,SSCS_MYA_PT_19IDLZN@mailinator.com,TS1 1ST
aTYnWULpaA,SSCS_MYA_PT_17ReWQq@mailinator.com,TS1 1ST
ey3YuWbCJe,SSCS_MYA_PT_27NBByP@mailinator.com,TS1 1ST
oouR5UMQoM,SSCS_MYA_PT_25ZlRGq@mailinator.com,TS1 1ST
JfToRYicem,SSCS_MYA_PT_21WcAAP@mailinator.com,TS1 1ST
n1eHz4Jk1y,SSCS_MYA_PT_14DMmDV@mailinator.com,TS1 1ST
1iuh3EySGV,SSCS_MYA_PT_13NrqSo@mailinator.com,TS1 1ST
T0uhQHdtso,SSCS_MYA_PT_4IIIyw@mailinator.com,TS1 1ST
ToarXsWwxG,SSCS_MYA_PT_21jeUJo@mailinator.com,TS1 1ST
iPYO34r9iV,SSCS_MYA_PT_14ytGQl@mailinator.com,TS1 1ST
ENQlI4prT9,SSCS_MYA_PT_11yyBfE@mailinator.com,TS1 1ST
VkOEcRDPDw,SSCS_MYA_PT_6kvrvw@mailinator.com,TS1 1ST
itUZlVnwqR,SSCS_MYA_PT_23qmXYO@mailinator.com,TS1 1ST
VHj6wAyhs2,SSCS_MYA_PT_8TQhqy@mailinator.com,TS1 1ST
cToDGITG6Q,SSCS_MYA_PT_2HjSsZ@mailinator.com,TS1 1ST
oOIyjJ50Mq,SSCS_MYA_PT_26SpIoH@mailinator.com,TS1 1ST
LLjgwYsI45,SSCS_MYA_PT_5hiDeb@mailinator.com,TS1 1ST
ax2O0Pp9v0,SSCS_MYA_PT_18bpqlj@mailinator.com,TS1 1ST
tE3TcbBfby,SSCS_MYA_PT_10YsJrg@mailinator.com,TS1 1ST
HAlxIdvUbQ,SSCS_MYA_PT_15SzZVt@mailinator.com,TS1 1ST
Z0RuOymZIM,SSCS_MYA_PT_7JXGtt@mailinator.com,TS1 1ST
mSP1sWSJYm,SSCS_MYA_PT_7ScGNA@mailinator.com,TS1 1ST
sUO2t2QUpa,SSCS_MYA_PT_26tEoIg@mailinator.com,TS1 1ST
js8JNAztTS,SSCS_MYA_PT_1CbXhR@mailinator.com,TS1 1ST
toMU9AIkFm,SSCS_MYA_PT_3tmpqT@mailinator.com,TS1 1ST
fh402J4lTF,SSCS_MYA_PT_25RuEZo@mailinator.com,TS1 1ST
USos2kXRLe,SSCS_MYA_PT_17icCcI@mailinator.com,TS1 1ST
E2MWzDP9ON,SSCS_MYA_PT_5mkPAs@mailinator.com,TS1 1ST
NqMf3TCwjZ,SSCS_MYA_PT_28bQUnj@mailinator.com,TS1 1ST
aq8H1QqmSl,SSCS_MYA_PT_27KtTkn@mailinator.com,TS1 1ST
9qlJnhwdFI,SSCS_MYA_PT_26mxNBu@mailinator.com,TS1 1ST
3t8azlT9ZQ,SSCS_MYA_PT_7Ffmva@mailinator.com,TS1 1ST
YK90sakMmR,SSCS_MYA_PT_4TJXxG@mailinator.com,TS1 1ST
JNhDYUkdUl,SSCS_MYA_PT_28ggenv@mailinator.com,TS1 1ST
ybiuwfoBAv,SSCS_MYA_PT_28lphvJ@mailinator.com,TS1 1ST
G9lL7xNFT8,SSCS_MYA_PT_20fjjKg@mailinator.com,TS1 1ST
orhBKb8JHS,SSCS_MYA_PT_28jFNQu@mailinator.com,TS1 1ST
c1Bppn2YwN,SSCS_MYA_PT_5Wkoag@mailinator.com,TS1 1ST
zeELfwepHi,SSCS_MYA_PT_21zxcHK@mailinator.com,TS1 1ST
iRvQJlDSja,SSCS_MYA_PT_6BWxyr@mailinator.com,TS1 1ST
Xy0dHjclu9,SSCS_MYA_PT_8WrLte@mailinator.com,TS1 1ST
PC3i6N7LAH,SSCS_MYA_PT_3expTn@mailinator.com,TS1 1ST
X0z3hC5vk0,SSCS_MYA_PT_18CUBsY@mailinator.com,TS1 1ST
tyzH6BmOJV,SSCS_MYA_PT_24InSei@mailinator.com,TS1 1ST
GXb5bCrMCP,SSCS_MYA_PT_26YSdFF@mailinator.com,TS1 1ST
la9JFDeLTz,SSCS_MYA_PT_19vgjIF@mailinator.com,TS1 1ST
cljSy6aq9P,SSCS_MYA_PT_8LQQug@mailinator.com,TS1 1ST
SluE3bmWBK,SSCS_MYA_PT_2DHbha@mailinator.com,TS1 1ST
AhF0QpTMJg,SSCS_MYA_PT_11CrquI@mailinator.com,TS1 1ST
cq9hDStKQ7,SSCS_MYA_PT_13BSpek@mailinator.com,TS1 1ST
L6E2KzvPyY,SSCS_MYA_PT_11EhyBm@mailinator.com,TS1 1ST
cMRLjbMdZx,SSCS_MYA_PT_24EtnBk@mailinator.com,TS1 1ST
2r82h062hg,SSCS_MYA_PT_28rldYK@mailinator.com,TS1 1ST
4ferYf6Bny,SSCS_MYA_PT_24chYNd@mailinator.com,TS1 1ST
QPU9w1YEK9,SSCS_MYA_PT_4BJXwm@mailinator.com,TS1 1ST
ZbMrTIzRt6,SSCS_MYA_PT_26jaipX@mailinator.com,TS1 1ST
4wJTj7ylfR,SSCS_MYA_PT_26cMSpi@mailinator.com,TS1 1ST
QIkIpUG7qi,SSCS_MYA_PT_13DlmWq@mailinator.com,TS1 1ST
PDLc0WSub5,SSCS_MYA_PT_6Oksht@mailinator.com,TS1 1ST
GErnMIFn3z,SSCS_MYA_PT_5JaCrd@mailinator.com,TS1 1ST
nZQQnjtrmd,SSCS_MYA_PT_11MDqEZ@mailinator.com,TS1 1ST
zM5ulYt4xC,SSCS_MYA_PT_16LShQo@mailinator.com,TS1 1ST
jhJvCQDIvi,SSCS_MYA_PT_14wUVFU@mailinator.com,TS1 1ST
1NECzvL6zq,SSCS_MYA_PT_24QynOW@mailinator.com,TS1 1ST
myRrgIWsnh,SSCS_MYA_PT_22DuojB@mailinator.com,TS1 1ST
2HJqUBBhQL,SSCS_MYA_PT_25deMnI@mailinator.com,TS1 1ST
h53uX9MnsK,SSCS_MYA_PT_5dnpRl@mailinator.com,TS1 1ST
UMOQW3RE1k,SSCS_MYA_PT_23zeraL@mailinator.com,TS1 1ST
QRGV6ppSjH,SSCS_MYA_PT_19ShQHr@mailinator.com,TS1 1ST
TzfyOmP8HG,SSCS_MYA_PT_21pETIu@mailinator.com,TS1 1ST
kg37wue2QX,SSCS_MYA_PT_3BXdDM@mailinator.com,TS1 1ST
AoAsFFK1mL,SSCS_MYA_PT_20nAzuU@mailinator.com,TS1 1ST
SgJTCsf7dF,SSCS_MYA_PT_27MkrSu@mailinator.com,TS1 1ST
CFad1723Ma,SSCS_MYA_PT_11GMXJt@mailinator.com,TS1 1ST
UXoqnu9meW,SSCS_MYA_PT_26uAWvb@mailinator.com,TS1 1ST
OueNm2H5kz,SSCS_MYA_PT_25oPkcH@mailinator.com,TS1 1ST
cNYrI1XsHa,SSCS_MYA_PT_24aOZBf@mailinator.com,TS1 1ST
bjrcuzUI9Q,SSCS_MYA_PT_13nNAxT@mailinator.com,TS1 1ST
sOSpApUGhm,SSCS_MYA_PT_17EUkkX@mailinator.com,TS1 1ST
VwlwZkhT7B,SSCS_MYA_PT_19ORpcg@mailinator.com,TS1 1ST
BYor7SjRCr,SSCS_MYA_PT_27xdWNN@mailinator.com,TS1 1ST
m6a7TxUd94,SSCS_MYA_PT_1axWto@mailinator.com,TS1 1ST
ZtNKdI2fTV,SSCS_MYA_PT_4ynUGg@mailinator.com,TS1 1ST
fuJvIIdQPp,SSCS_MYA_PT_10tGTwU@mailinator.com,TS1 1ST
ZC7xdIKdQy,SSCS_MYA_PT_28wXDqm@mailinator.com,TS1 1ST
1NWIEd3bcC,SSCS_MYA_PT_8konFQ@mailinator.com,TS1 1ST
b961XRj4zF,SSCS_MYA_PT_6iCkml@mailinator.com,TS1 1ST
nR1590jL0h,SSCS_MYA_PT_12yZxHI@mailinator.com,TS1 1ST
RZeJYIbFd5,SSCS_MYA_PT_10EIKsS@mailinator.com,TS1 1ST
6WGxsVzof6,SSCS_MYA_PT_17Hwfda@mailinator.com,TS1 1ST
86okl0auLF,SSCS_MYA_PT_4SNhLx@mailinator.com,TS1 1ST
CNZ5xjqXut,SSCS_MYA_PT_19TAigZ@mailinator.com,TS1 1ST
fEf6iQg2hQ,SSCS_MYA_PT_21WwHMD@mailinator.com,TS1 1ST
FHzgxMzl5b,SSCS_MYA_PT_22jSHfQ@mailinator.com,TS1 1ST
ksHa7j52p4,SSCS_MYA_PT_14CICba@mailinator.com,TS1 1ST
JyGP6Roevv,SSCS_MYA_PT_28okqek@mailinator.com,TS1 1ST
AYzbqDVu9R,SSCS_MYA_PT_9HITFY@mailinator.com,TS1 1ST
aBucw0XQhy,SSCS_MYA_PT_13fiLmB@mailinator.com,TS1 1ST
axO2HmbPSR,SSCS_MYA_PT_23UJgsF@mailinator.com,TS1 1ST
BV4GY4QuZT,SSCS_MYA_PT_10uswAM@mailinator.com,TS1 1ST
PvG7oWqXgZ,SSCS_MYA_PT_6BhGwW@mailinator.com,TS1 1ST
ULc2oUWkwN,SSCS_MYA_PT_7RmZqe@mailinator.com,TS1 1ST
RisjgIqRb4,SSCS_MYA_PT_7YsBys@mailinator.com,TS1 1ST
FVyqUyrXp0,SSCS_MYA_PT_19pFxCb@mailinator.com,TS1 1ST
AZQU8NG8Zd,SSCS_MYA_PT_21zSNXc@mailinator.com,TS1 1ST
KL0CxiluuR,SSCS_MYA_PT_1vxMck@mailinator.com,TS1 1ST
Tsd9nhUE5R,SSCS_MYA_PT_14naruW@mailinator.com,TS1 1ST
eqeoInP04L,SSCS_MYA_PT_24sLdCV@mailinator.com,TS1 1ST
jREUKM61ca,SSCS_MYA_PT_19uXKRY@mailinator.com,TS1 1ST
XIJ34Lvoi5,SSCS_MYA_PT_26jdaVJ@mailinator.com,TS1 1ST
eZ8o51Pvs0,SSCS_MYA_PT_18CvjMc@mailinator.com,TS1 1ST
vB9UIzq88Y,SSCS_MYA_PT_28kyIYF@mailinator.com,TS1 1ST
239hoklKkW,SSCS_MYA_PT_17OfnpP@mailinator.com,TS1 1ST
VJKVG01nUB,SSCS_MYA_PT_2xSAfQ@mailinator.com,TS1 1ST
URZKLLnh1q,SSCS_MYA_PT_2VpgwM@mailinator.com,TS1 1ST
B7dOxuidvU,SSCS_MYA_PT_25loQET@mailinator.com,TS1 1ST
0Cg16PhWyy,SSCS_MYA_PT_12cwYVN@mailinator.com,TS1 1ST
kSevHztt2k,SSCS_MYA_PT_11LFRih@mailinator.com,TS1 1ST
4I0k1PmJi1,SSCS_MYA_PT_4tfWtg@mailinator.com,TS1 1ST
gzqokmExvC,SSCS_MYA_PT_6yhJIv@mailinator.com,TS1 1ST
UCRnGXlniR,SSCS_MYA_PT_24krOdS@mailinator.com,TS1 1ST
8dw0vXiaYz,SSCS_MYA_PT_18jxCpx@mailinator.com,TS1 1ST
DJYpx2XAnF,SSCS_MYA_PT_6ixZhY@mailinator.com,TS1 1ST
vzqDEONYfq,SSCS_MYA_PT_13mXbWi@mailinator.com,TS1 1ST
mmcdfzECwq,SSCS_MYA_PT_11rWLxF@mailinator.com,TS1 1ST
MQb3RjpH70,SSCS_MYA_PT_19DiQXZ@mailinator.com,TS1 1ST
eiSa8ehbPT,SSCS_MYA_PT_6Sqtra@mailinator.com,TS1 1ST
ZpBXTLIRv3,SSCS_MYA_PT_9rSmpu@mailinator.com,TS1 1ST
BWsOvdF3Sm,SSCS_MYA_PT_25JEcDx@mailinator.com,TS1 1ST
DNDJScB7E4,SSCS_MYA_PT_13qBOYN@mailinator.com,TS1 1ST
m6PtSZEO8l,SSCS_MYA_PT_16iFfWU@mailinator.com,TS1 1ST
TnMwpueAda,SSCS_MYA_PT_5UDxij@mailinator.com,TS1 1ST
3lhpV71ifr,SSCS_MYA_PT_6BmBLk@mailinator.com,TS1 1ST
BAtLv4VLLe,SSCS_MYA_PT_26dxUFO@mailinator.com,TS1 1ST
95axdeKgfz,SSCS_MYA_PT_18OcRcg@mailinator.com,TS1 1ST
jUSVmwAbrR,SSCS_MYA_PT_24xLrKt@mailinator.com,TS1 1ST
kUQVuxtlRK,SSCS_MYA_PT_10fvyYC@mailinator.com,TS1 1ST
rLJaJ3tupK,SSCS_MYA_PT_26uolhM@mailinator.com,TS1 1ST
2ZssLxHNAs,SSCS_MYA_PT_19Vyrdw@mailinator.com,TS1 1ST
kVXZ10EAQb,SSCS_MYA_PT_12gboFk@mailinator.com,TS1 1ST
7AljZ2tZCx,SSCS_MYA_PT_23hqnSJ@mailinator.com,TS1 1ST
7c23zUdb3k,SSCS_MYA_PT_4YolCV@mailinator.com,TS1 1ST
kU2hrDXBKQ,SSCS_MYA_PT_15aKGxa@mailinator.com,TS1 1ST
LLOMM1phBU,SSCS_MYA_PT_22dGaUN@mailinator.com,TS1 1ST
KZ4ouemxrG,SSCS_MYA_PT_12nPYgC@mailinator.com,TS1 1ST
sIwRiMOQv5,SSCS_MYA_PT_1NnJKQ@mailinator.com,TS1 1ST
kLNW3EaBRJ,SSCS_MYA_PT_17auhTp@mailinator.com,TS1 1ST
EEAKlNxLqy,SSCS_MYA_PT_1EPsvr@mailinator.com,TS1 1ST
Dk1kj7K0sE,SSCS_MYA_PT_22JtHoH@mailinator.com,TS1 1ST
UwV5j1cuYz,SSCS_MYA_PT_12LYAGx@mailinator.com,TS1 1ST
C5Af21zPvt,SSCS_MYA_PT_17ycbxk@mailinator.com,TS1 1ST
wOmrVDJKul,SSCS_MYA_PT_20hgDoS@mailinator.com,TS1 1ST
cCA0s2UaSG,SSCS_MYA_PT_5PGkjp@mailinator.com,TS1 1ST
z0VRo8GYEM,SSCS_MYA_PT_24xRpvO@mailinator.com,TS1 1ST
9y4MOoUWIj,SSCS_MYA_PT_3NrlWy@mailinator.com,TS1 1ST
giwjWFemoL,SSCS_MYA_PT_3RgpOP@mailinator.com,TS1 1ST
KffsHmW8lf,SSCS_MYA_PT_28hOrjv@mailinator.com,TS1 1ST
eN28DBI51U,SSCS_MYA_PT_17WvqBI@mailinator.com,TS1 1ST
7sfEZeHSLA,SSCS_MYA_PT_28HjMiQ@mailinator.com,TS1 1ST
8vZKlJW7nc,SSCS_MYA_PT_28tVqrx@mailinator.com,TS1 1ST
BjY3RIStrH,SSCS_MYA_PT_13bUJRx@mailinator.com,TS1 1ST
CivsuP1Cg6,SSCS_MYA_PT_5ncAkx@mailinator.com,TS1 1ST
U2sBiaIaWl,SSCS_MYA_PT_3yLQzd@mailinator.com,TS1 1ST
cjSsbR8hj3,SSCS_MYA_PT_4oPrDG@mailinator.com,TS1 1ST
OnPJof7gpT,SSCS_MYA_PT_22jnyVR@mailinator.com,TS1 1ST
Y42V0iSEGa,SSCS_MYA_PT_25hVISa@mailinator.com,TS1 1ST
qKDrvWiY7B,SSCS_MYA_PT_28eeyur@mailinator.com,TS1 1ST
umH03ejSGL,SSCS_MYA_PT_27lFeWa@mailinator.com,TS1 1ST
o65KiQxnxM,SSCS_MYA_PT_14gVkNU@mailinator.com,TS1 1ST
wrK6jYAkns,SSCS_MYA_PT_25VMiDW@mailinator.com,TS1 1ST
7FwU2GxZNZ,SSCS_MYA_PT_19CFcGg@mailinator.com,TS1 1ST
JIMKavy53V,SSCS_MYA_PT_1QIuMR@mailinator.com,TS1 1ST
hK4q4SwW6t,SSCS_MYA_PT_12hhvod@mailinator.com,TS1 1ST
u6vjrrz03O,SSCS_MYA_PT_14oQYun@mailinator.com,TS1 1ST
l2RRi2uB8H,SSCS_MYA_PT_21iuVmC@mailinator.com,TS1 1ST
OWyk8CeCXU,SSCS_MYA_PT_19GaFSd@mailinator.com,TS1 1ST
r2knbwvPgt,SSCS_MYA_PT_8PKITz@mailinator.com,TS1 1ST
7GkfkgzX2V,SSCS_MYA_PT_14zXeJD@mailinator.com,TS1 1ST
mjKlvgcHci,SSCS_MYA_PT_18jeNtd@mailinator.com,TS1 1ST
8CPgkulIBt,SSCS_MYA_PT_6FzmZp@mailinator.com,TS1 1ST
b7etVy19Ie,SSCS_MYA_PT_27pkZzp@mailinator.com,TS1 1ST
c3qT7nABOx,SSCS_MYA_PT_25LkwXl@mailinator.com,TS1 1ST
qmu4tALl2c,SSCS_MYA_PT_4FNeHH@mailinator.com,TS1 1ST
7UU3QNP2Rm,SSCS_MYA_PT_1vEjue@mailinator.com,TS1 1ST
ON1EDYpuFF,SSCS_MYA_PT_27CtqEP@mailinator.com,TS1 1ST
0wpQUh25rU,SSCS_MYA_PT_26wLbHX@mailinator.com,TS1 1ST
MqofaXgJLu,SSCS_MYA_PT_13nbIag@mailinator.com,TS1 1ST
bmOrRJFfZY,SSCS_MYA_PT_26wwymO@mailinator.com,TS1 1ST
z3acsU77ab,SSCS_MYA_PT_28FhXHG@mailinator.com,TS1 1ST
7oxvPygLg0,SSCS_MYA_PT_28lHfei@mailinator.com,TS1 1ST
QvctGAYIpr,SSCS_MYA_PT_1VtmsV@mailinator.com,TS1 1ST
hoNsr3SHqx,SSCS_MYA_PT_16khlSi@mailinator.com,TS1 1ST
pwNI64ytPR,SSCS_MYA_PT_18atqzd@mailinator.com,TS1 1ST
pegm7WPzBO,SSCS_MYA_PT_23bpaOh@mailinator.com,TS1 1ST
sRVj91ZRS4,SSCS_MYA_PT_6hAECy@mailinator.com,TS1 1ST
eH2NL9GIIc,SSCS_MYA_PT_28CZLue@mailinator.com,TS1 1ST
Vg4GwciBjc,SSCS_MYA_PT_1IiUjM@mailinator.com,TS1 1ST
QdTYOP7W15,SSCS_MYA_PT_3EmsYP@mailinator.com,TS1 1ST
G4gZH1AwFy,SSCS_MYA_PT_3QNZii@mailinator.com,TS1 1ST
5iR1Sv4gx6,SSCS_MYA_PT_20partz@mailinator.com,TS1 1ST
v6pLoWOz2N,SSCS_MYA_PT_28yWkby@mailinator.com,TS1 1ST
2e9gzx9VqC,SSCS_MYA_PT_3ijFGl@mailinator.com,TS1 1ST
4ku0LgPmVG,SSCS_MYA_PT_21TuFDX@mailinator.com,TS1 1ST
K059yZGAte,SSCS_MYA_PT_21zigWl@mailinator.com,TS1 1ST
nSKpXZ7O5z,SSCS_MYA_PT_20AjHzR@mailinator.com,TS1 1ST
KH6BNKxjbX,SSCS_MYA_PT_3lsptr@mailinator.com,TS1 1ST
8EKoD6DU31,SSCS_MYA_PT_19iRxEz@mailinator.com,TS1 1ST
Rn113OiUKH,SSCS_MYA_PT_12rsAMs@mailinator.com,TS1 1ST
MEHxq0u70g,SSCS_MYA_PT_27RJXdj@mailinator.com,TS1 1ST
sdZ2yYOTSA,SSCS_MYA_PT_23hzRcC@mailinator.com,TS1 1ST
zZvCBggjt0,SSCS_MYA_PT_8fwjIB@mailinator.com,TS1 1ST
Z59nb24nOD,SSCS_MYA_PT_14oPrsp@mailinator.com,TS1 1ST
p2P8yA2tOO,SSCS_MYA_PT_1qeTuo@mailinator.com,TS1 1ST
0hJkRdH5tA,SSCS_MYA_PT_10kakHU@mailinator.com,TS1 1ST
75yfgrH8wh,SSCS_MYA_PT_3PFTxP@mailinator.com,TS1 1ST
6l6yKNNmsb,SSCS_MYA_PT_26trqDW@mailinator.com,TS1 1ST
aeHjjNTQWt,SSCS_MYA_PT_4ahoMT@mailinator.com,TS1 1ST
