email,password
SSCS_15PTT_21YvYgw@mailinator.com,Pa55word11
SSCS_15PTT_2xVmCg@mailinator.com,Pa55word11
SSCS_15PTT_4YerZi@mailinator.com,Pa55word11
SSCS_15PTT_7nObYu@mailinator.com,Pa55word11
SSCS_15PTT_3ruuGv@mailinator.com,Pa55word11
SSCS_15PTT_15qMTLO@mailinator.com,Pa55word11
SSCS_15PTT_26pIUyg@mailinator.com,Pa55word11
SSCS_15PTT_17Jlggc@mailinator.com,Pa55word11
SSCS_15PTT_20EQyhc@mailinator.com,Pa55word11
SSCS_15PTT_27AcRuQ@mailinator.com,Pa55word11
SSCS_15PTT_1QVRlt@mailinator.com,Pa55word11
SSCS_15PTT_8BBMkT@mailinator.com,Pa55word11
SSCS_15PTT_23hRUFB@mailinator.com,Pa55word11
SSCS_15PTT_24LDckk@mailinator.com,Pa55word11
SSCS_15PTT_2CHVNG@mailinator.com,Pa55word11
SSCS_15PTT_16XmwRo@mailinator.com,Pa55word11
SSCS_15PTT_2mbCya@mailinator.com,Pa55word11
SSCS_15PTT_8NJZwT@mailinator.com,Pa55word11
SSCS_15PTT_19LRGoC@mailinator.com,Pa55word11
SSCS_15PTT_26TVtKu@mailinator.com,Pa55word11
SSCS_15PTT_25mmKpx@mailinator.com,Pa55word11
SSCS_15PTT_27djimz@mailinator.com,Pa55word11
SSCS_15PTT_26wTCrY@mailinator.com,Pa55word11
SSCS_15PTT_23UKJJl@mailinator.com,Pa55word11
SSCS_15PTT_16tvRug@mailinator.com,Pa55word11
SSCS_15PTT_2tkjKE@mailinator.com,Pa55word11
SSCS_15PTT_3IbhCd@mailinator.com,Pa55word11
SSCS_15PTT_19AKcfJ@mailinator.com,Pa55word11
SSCS_15PTT_4uhNDn@mailinator.com,Pa55word11
SSCS_15PTT_7jxJZY@mailinator.com,Pa55word11
SSCS_15PTT_23DoQjc@mailinator.com,Pa55word11
SSCS_15PTT_8tkFZc@mailinator.com,Pa55word11
SSCS_15PTT_10zZvzJ@mailinator.com,Pa55word11
SSCS_15PTT_6gCMGd@mailinator.com,Pa55word11
SSCS_15PTT_21xEhLF@mailinator.com,Pa55word11
SSCS_15PTT_14iqgap@mailinator.com,Pa55word11
SSCS_15PTT_12bjrWs@mailinator.com,Pa55word11
SSCS_15PTT_26sLHlW@mailinator.com,Pa55word11
SSCS_15PTT_16cQUfQ@mailinator.com,Pa55word11
SSCS_15PTT_10mGAdp@mailinator.com,Pa55word11
SSCS_15PTT_8hQTif@mailinator.com,Pa55word11
SSCS_15PTT_25VOdAq@mailinator.com,Pa55word11
SSCS_15PTT_2slqPF@mailinator.com,Pa55word11
SSCS_15PTT_4Kwdrs@mailinator.com,Pa55word11
SSCS_15PTT_13MQill@mailinator.com,Pa55word11
SSCS_15PTT_10qtmPx@mailinator.com,Pa55word11
SSCS_15PTT_19ADjGY@mailinator.com,Pa55word11
SSCS_15PTT_17YUvSf@mailinator.com,Pa55word11
SSCS_15PTT_13BRnFo@mailinator.com,Pa55word11
SSCS_15PTT_5snilJ@mailinator.com,Pa55word11
SSCS_15PTT_17invAZ@mailinator.com,Pa55word11
SSCS_15PTT_26CZUmX@mailinator.com,Pa55word11
SSCS_15PTT_11eKdRQ@mailinator.com,Pa55word11
SSCS_15PTT_12vRkTN@mailinator.com,Pa55word11
SSCS_15PTT_6iaUzq@mailinator.com,Pa55word11
SSCS_15PTT_2LdSLf@mailinator.com,Pa55word11
SSCS_15PTT_6FmrBl@mailinator.com,Pa55word11
SSCS_15PTT_10FfAsR@mailinator.com,Pa55word11
SSCS_15PTT_10LyibF@mailinator.com,Pa55word11
SSCS_15PTT_19QdQKX@mailinator.com,Pa55word11
SSCS_15PTT_25PeqGa@mailinator.com,Pa55word11
SSCS_15PTT_9XlujF@mailinator.com,Pa55word11
SSCS_15PTT_10lBeXn@mailinator.com,Pa55word11
SSCS_15PTT_14natZC@mailinator.com,Pa55word11
SSCS_15PTT_28UcyAc@mailinator.com,Pa55word11
SSCS_15PTT_13dXuYG@mailinator.com,Pa55word11
SSCS_15PTT_11etofa@mailinator.com,Pa55word11
SSCS_15PTT_9EJKwB@mailinator.com,Pa55word11
SSCS_15PTT_24zaSEW@mailinator.com,Pa55word11
SSCS_15PTT_1rBKuz@mailinator.com,Pa55word11
SSCS_15PTT_14rQQKw@mailinator.com,Pa55word11
SSCS_15PTT_6qaQed@mailinator.com,Pa55word11
SSCS_15PTT_22bHGvZ@mailinator.com,Pa55word11
SSCS_15PTT_18oJiJQ@mailinator.com,Pa55word11
SSCS_15PTT_16YnLvD@mailinator.com,Pa55word11
SSCS_15PTT_25utjjl@mailinator.com,Pa55word11
SSCS_15PTT_14WjrwM@mailinator.com,Pa55word11
SSCS_15PTT_16CRxxx@mailinator.com,Pa55word11
SSCS_15PTT_10qhoYY@mailinator.com,Pa55word11
SSCS_15PTT_4xmGDb@mailinator.com,Pa55word11
SSCS_15PTT_4PenOF@mailinator.com,Pa55word11
SSCS_15PTT_21iOvAo@mailinator.com,Pa55word11
SSCS_15PTT_12FuWKJ@mailinator.com,Pa55word11
SSCS_15PTT_20gcCRk@mailinator.com,Pa55word11
SSCS_15PTT_14yLmQg@mailinator.com,Pa55word11
SSCS_15PTT_26HBBOe@mailinator.com,Pa55word11
SSCS_15PTT_23jmqlv@mailinator.com,Pa55word11
SSCS_15PTT_15GlVWe@mailinator.com,Pa55word11
SSCS_15PTT_4WwipP@mailinator.com,Pa55word11
SSCS_15PTT_13cMBCX@mailinator.com,Pa55word11
SSCS_15PTT_15YTyMH@mailinator.com,Pa55word11
SSCS_15PTT_24MvzKK@mailinator.com,Pa55word11
SSCS_15PTT_18LSfYf@mailinator.com,Pa55word11
SSCS_15PTT_3RfLEG@mailinator.com,Pa55word11
SSCS_15PTT_6HVfRR@mailinator.com,Pa55word11
SSCS_15PTT_17bOJcs@mailinator.com,Pa55word11
SSCS_15PTT_26qOlgG@mailinator.com,Pa55word11
SSCS_15PTT_9tNjNj@mailinator.com,Pa55word11
SSCS_15PTT_6qGHHI@mailinator.com,Pa55word11
SSCS_15PTT_3hAxcd@mailinator.com,Pa55word11
SSCS_15PTT_3AuzAM@mailinator.com,Pa55word11
SSCS_15PTT_17IQvKM@mailinator.com,Pa55word11
SSCS_15PTT_25HdQzV@mailinator.com,Pa55word11
SSCS_15PTT_28pGmqU@mailinator.com,Pa55word11
SSCS_15PTT_26OeQtJ@mailinator.com,Pa55word11
SSCS_15PTT_18gEPLF@mailinator.com,Pa55word11
SSCS_15PTT_3pVPfA@mailinator.com,Pa55word11
SSCS_15PTT_1zqcMV@mailinator.com,Pa55word11
SSCS_15PTT_14SBZwM@mailinator.com,Pa55word11
SSCS_15PTT_26QdxKZ@mailinator.com,Pa55word11
SSCS_15PTT_11zNpjf@mailinator.com,Pa55word11
SSCS_15PTT_1XCZuy@mailinator.com,Pa55word11
SSCS_15PTT_20GFrJE@mailinator.com,Pa55word11
SSCS_15PTT_7CyEER@mailinator.com,Pa55word11
SSCS_15PTT_19BezwX@mailinator.com,Pa55word11
SSCS_15PTT_8HApcV@mailinator.com,Pa55word11
SSCS_15PTT_11zBgwc@mailinator.com,Pa55word11
SSCS_15PTT_10DdVoY@mailinator.com,Pa55word11
SSCS_15PTT_28XTXLT@mailinator.com,Pa55word11
SSCS_15PTT_26bapxI@mailinator.com,Pa55word11
SSCS_15PTT_7nlcPU@mailinator.com,Pa55word11
SSCS_15PTT_2CjXsn@mailinator.com,Pa55word11
SSCS_15PTT_23BHaiZ@mailinator.com,Pa55word11
SSCS_15PTT_12TQYaP@mailinator.com,Pa55word11
SSCS_15PTT_4yUulW@mailinator.com,Pa55word11
SSCS_15PTT_21AvrsX@mailinator.com,Pa55word11
SSCS_15PTT_22ipzeU@mailinator.com,Pa55word11
SSCS_15PTT_11OAUJm@mailinator.com,Pa55word11
SSCS_15PTT_15MAKYo@mailinator.com,Pa55word11
SSCS_15PTT_22mpQIj@mailinator.com,Pa55word11
SSCS_15PTT_19iOxwI@mailinator.com,Pa55word11
SSCS_15PTT_21tsNae@mailinator.com,Pa55word11
SSCS_15PTT_8vGyZv@mailinator.com,Pa55word11
SSCS_15PTT_13UTrew@mailinator.com,Pa55word11
SSCS_15PTT_22DKpnd@mailinator.com,Pa55word11
SSCS_15PTT_6HXQfE@mailinator.com,Pa55word11
SSCS_15PTT_7IRqpp@mailinator.com,Pa55word11
SSCS_15PTT_11rMcNx@mailinator.com,Pa55word11
SSCS_15PTT_17ZEVHK@mailinator.com,Pa55word11
SSCS_15PTT_15kHUyr@mailinator.com,Pa55word11
SSCS_15PTT_18eBtAB@mailinator.com,Pa55word11
SSCS_15PTT_28Otzdw@mailinator.com,Pa55word11
SSCS_15PTT_9uBOXw@mailinator.com,Pa55word11
SSCS_15PTT_12uupLp@mailinator.com,Pa55word11
SSCS_15PTT_14TVLvt@mailinator.com,Pa55word11
SSCS_15PTT_8eMjig@mailinator.com,Pa55word11
SSCS_15PTT_9btUBg@mailinator.com,Pa55word11
SSCS_15PTT_10FLGuZ@mailinator.com,Pa55word11
SSCS_15PTT_11gekoW@mailinator.com,Pa55word11
SSCS_15PTT_11uUigN@mailinator.com,Pa55word11
SSCS_15PTT_9lUInK@mailinator.com,Pa55word11
SSCS_15PTT_15tBRpw@mailinator.com,Pa55word11
SSCS_15PTT_20flOhh@mailinator.com,Pa55word11
SSCS_15PTT_2xXhdY@mailinator.com,Pa55word11
SSCS_15PTT_20zEgqS@mailinator.com,Pa55word11
SSCS_15PTT_28UeLLA@mailinator.com,Pa55word11
SSCS_15PTT_26zhWmR@mailinator.com,Pa55word11
SSCS_15PTT_1obVNG@mailinator.com,Pa55word11
SSCS_15PTT_1xqMkC@mailinator.com,Pa55word11
SSCS_15PTT_23hqTVK@mailinator.com,Pa55word11
SSCS_15PTT_8nVewN@mailinator.com,Pa55word11
SSCS_15PTT_6izGfh@mailinator.com,Pa55word11
SSCS_15PTT_27NzwpI@mailinator.com,Pa55word11
SSCS_15PTT_2hVbFN@mailinator.com,Pa55word11
SSCS_15PTT_21iGsmO@mailinator.com,Pa55word11
SSCS_15PTT_11IJKBu@mailinator.com,Pa55word11
SSCS_15PTT_26SKxUw@mailinator.com,Pa55word11
SSCS_15PTT_27pRWMf@mailinator.com,Pa55word11
SSCS_15PTT_15XMtOC@mailinator.com,Pa55word11
SSCS_15PTT_3UPnQV@mailinator.com,Pa55word11
SSCS_15PTT_24MRRjb@mailinator.com,Pa55word11
SSCS_15PTT_14TUduR@mailinator.com,Pa55word11
SSCS_15PTT_5ZRbqH@mailinator.com,Pa55word11
SSCS_15PTT_4EilcB@mailinator.com,Pa55word11
SSCS_15PTT_21mtAeR@mailinator.com,Pa55word11
SSCS_15PTT_19jnWBC@mailinator.com,Pa55word11
SSCS_15PTT_8FELAo@mailinator.com,Pa55word11
SSCS_15PTT_19XlDdZ@mailinator.com,Pa55word11
SSCS_15PTT_11vmfGr@mailinator.com,Pa55word11
SSCS_15PTT_11HGKRI@mailinator.com,Pa55word11
SSCS_15PTT_10EJaVt@mailinator.com,Pa55word11
SSCS_15PTT_21NVIkF@mailinator.com,Pa55word11
SSCS_15PTT_24ktlUg@mailinator.com,Pa55word11
SSCS_15PTT_2RLZIv@mailinator.com,Pa55word11
SSCS_15PTT_2SDmrz@mailinator.com,Pa55word11
SSCS_15PTT_21jBkik@mailinator.com,Pa55word11
SSCS_15PTT_14AoWkc@mailinator.com,Pa55word11
SSCS_15PTT_2cWxCX@mailinator.com,Pa55word11
SSCS_15PTT_14BJHGL@mailinator.com,Pa55word11
SSCS_15PTT_21TCVlF@mailinator.com,Pa55word11
SSCS_15PTT_16iNlbi@mailinator.com,Pa55word11
SSCS_15PTT_26AjEXy@mailinator.com,Pa55word11
SSCS_15PTT_12TiWBV@mailinator.com,Pa55word11
SSCS_15PTT_14uiCZI@mailinator.com,Pa55word11
SSCS_15PTT_16pOAAJ@mailinator.com,Pa55word11
SSCS_15PTT_24mfNOW@mailinator.com,Pa55word11
SSCS_15PTT_20VDkZx@mailinator.com,Pa55word11
SSCS_15PTT_22AcwFW@mailinator.com,Pa55word11
SSCS_15PTT_23sNgja@mailinator.com,Pa55word11